ID,Show,Title,Artist,JD,Hunter,Steve,Dave,YACHTSKI,Cover Art
2,YON67,Dreadlock Holiday,10cc,8,30,9,11,14.5,https://i.scdn.co/image/3f2411a24e014e49ac6a6b26ba2334fdc48699cf
3,YON67,I'm Not In Love,10cc,15,30,33,27,26.25,https://i.scdn.co/image/7c8ea7e4f2b3481705250740a60b5744b5518012
1,YON04,Don't Turn Me Away,10cc,55,68,41,35,49.75,https://i.scdn.co/image/8d2d584f81baa046a222f5e144193242f8a6e731
4,YON46,The Name of the Game,Abba,15,23,22,18,19.5,https://i.scdn.co/image/f53c3cc7228a5ac768371fa8f35db6891b7aa7ff
5,YON23,How Long,Ace,57,57,55,53,55.5,https://i.scdn.co/image/6b31dc077ca6d242266bd60d35cf4504ca7dfcfe
6,YON44,The Way I Feel,Adrian Gurvitz,72,57,53,65,61.75,https://i.scdn.co/image/3ece634d2168fba8e2885d6fd28fd9a99d75ca19
7,YON66,The Wonder of it All,Adrian Gurvitz,72,60,64,65,65.25,https://i.scdn.co/image/3ece634d2168fba8e2885d6fd28fd9a99d75ca19
8,YON67,All Out Of Love,Air Supply,2,18,30,10,15,https://i.scdn.co/image/ddd80b1608fc5fc214a80e9844071bad2d3cc47f
9,YON67,Even The Nights Are Better,Air Supply,28,30,40,28,31.5,https://i.scdn.co/image/d0ec61af251bf4f0a89b4a899702055d359ff9e6
10,YON04,Nothin' You Can Do About It,Airplay,92,100,100,95,96.75,https://i.scdn.co/image/f3de3961f752257ea3182e7338ddb01046c31de6
11,YON29,Someday My Prince May Come,Akiko Yano,45,42,35,42,41,https://img.discogs.com/uDcs4teopGZi6Modldc8CU7pWTw=/fit-in/300x300/filters:strip_icc():format(jpeg):mode_rgb():quality(40)/discogs-images/R-1852193-1508996832-1151.jpeg.jpg
12,YON36,I Sing,Akiko Yano,45,50,36,39,42.5,https://img.discogs.com/uDcs4teopGZi6Modldc8CU7pWTw=/fit-in/300x300/filters:strip_icc():format(jpeg):mode_rgb():quality(40)/discogs-images/R-1852193-1508996832-1151.jpeg.jpg
18,YON59,Raging Waters,Al Jarreau,33,49,38,42,40.5,https://i.scdn.co/image/757104e7eef989aa57352682366581dac9719c46
16,YON16,Moonlighting,Al Jarreau,58,56,67,55,59,https://i.scdn.co/image/fed53f21941b925514d9ba67989ce8753b8c9d24
15,BYR71,We're In This Love Together,Al Jarreau,85,76,87,75,80.75,https://i.scdn.co/image/0f9398c3e9c4ae03aa46caa6d274b6835c8e28d6
17,YON22,Boogie Down,Al Jarreau,82,82,78,82,81,https://i.scdn.co/image/df271c12096be73f91fc37392ba163db559672e2
14,BYR47,Breakin' Away,Al Jarreau,80,84,78,83,81.25,https://i.scdn.co/image/4b117a1a0086664e45dfde8340496717ac47779b
13,BYR18,Mornin',Al Jarreau,94,91,97,89,92.75,https://i.scdn.co/image/df271c12096be73f91fc37392ba163db559672e2
19,YON28,Since I Fell For You,"Al Jarreau, Bob James & David Sanborn",18,30,15,22,21.25,https://i.scdn.co/image/b58758ac1a057908e5958f10c34c8bcf35d97178
20,YON07,Year of the Cat,Al Stewart,29,23,24,41,29.25,https://i.scdn.co/image/656235893936f1890c28841b510e5c1201d75741
21,YON52,Time Passages,Al Stewart,32,41,32,38,35.75,https://i.scdn.co/image/cef5d926949295d7ffa7a66de93d95b5aff0dccb
22,YON67,Show and Tell,Al Wilson,9,22,16,12,14.75,https://i.scdn.co/image/5922f11eb30381ac9774c539fd3c68cb98f2f973
23,YON25,Diary of A Fool,Alan Gorrie,35,51,49,42,44.25,https://img.discogs.com/t4tABpe3-t_q-R_Y9mYwDx3EhVE=/fit-in/150x150/filters:strip_icc():format(jpeg):mode_rgb():quality(40)/discogs-images/R-3361601-1343083336-1130.jpeg.jpg
25,YON11,Undercover Angel,Alan O'Day,53,51,23,45,43,https://i.scdn.co/image/e483816adad8b7d10ddcca3513665ab4b903d078
24,YON08,People Who Talk to Themselves,Alan O'Day,80,55,53,72,65,https://img.discogs.com/_Rh5hlto-UEpWoZD7wBSRalEarQ=/fit-in/150x150/filters:strip_icc():format(jpeg):mode_rgb():quality(40)/discogs-images/R-2624322-1329401959.jpeg.jpg
26,YON09,Beside You,Alan Sorrenti,82,84,83,79,82,https://img.discogs.com/Dh5yFxu8Sar9ol_XRsQEGdra9Gg=/fit-in/300x300/filters:strip_icc():format(jpeg):mode_rgb():quality(40)/discogs-images/R-1575125-1442757883-4709.jpeg.jpg
27,BYR75,Thicke of the Night,Alan Thicke,67,69,63,74,68.25,https://img.discogs.com/GkPcV4vvqwUajrxfaBIpL9qY76A=/fit-in/150x150/filters:strip_icc():format(jpeg):mode_rgb():quality(40)/discogs-images/R-3238804-1321827929.jpeg.jpg
29,YON14,Seabird,Alessi Brothers,38,22,20,32,28,https://i.scdn.co/image/347ab69967cb8e80309f3a411a94a95835f6b568
28,BYR66,Jagged Edge,Alessi Brothers,86,90,88,87,87.75,https://i.scdn.co/image/6681f4b9477b1368e3a86764c994befba5dc7049
30,YON23,From the Inside,Alice Cooper,33,50,32,32.5,36.875,https://i.scdn.co/image/80233cf8bdd52d44b44b979779853088cabfbdc9
32,YON02,"Nice, Nice, Very Nice",Ambrosia,5,20,65,15,26.25,https://i.scdn.co/image/73f977a0b081d810530c83ccf31afb49ae7cc596
35,YON65,How Much I Feel,Ambrosia,60,59,68,53,60,https://i.scdn.co/image/d58c278d7e05fac51475b6a0a6cdcf6dfb99ca9d
34,YON51,How Can You Love Me,Ambrosia,65,62,72,67,66.5,https://i.scdn.co/image/a3932a60440a1af66d9f6eb025f304a98d755d70
33,YON19,You're the Only Woman,Ambrosia,62,81,73,60,69,https://i.scdn.co/image/81ed5f7df3dbfcc8a5d6acc850abf716c9b57296
31,BYR61,Biggest Part of Me,Ambrosia,62,72,91,65,72.5,https://i.scdn.co/image/81ed5f7df3dbfcc8a5d6acc850abf716c9b57296
36,YON19,Arbuckle's Swan Song,Ambulance LTD,25,39,31,25,30,https://i.scdn.co/image/19697cdbcb5220d98fd88785b89c29a272da2f6d
40,YON58,Sister Golden Hair,America,2,5,9,5,5.25,https://i.scdn.co/image/ea864b8f1f6c51095f980d4527571d070075a1fe
42,YON67,Ventura Highway,America,0.5,20,11,4,8.875,https://i.scdn.co/image/f9304905ec724e0bcef4a49e40c589f8029efd4a
41,YON67,A Horse With No Name,America,1,19,15,2,9.25,https://i.scdn.co/image/f37595b52a0bd640cf4db60b7ca443396942acce
43,YON67,Daisy Jane,America,7,19,22,15,15.75,https://i.scdn.co/image/b06f7f867e818725b98ef8f572a5fb142d823cd2
39,YON46,The Border,America,40,43,38,32,38.25,https://i.scdn.co/image/c86fadeb41f152eef1cf0b85a4d28e725f1dbfcd
37,YON12,You Can Do Magic,America,45,48,35,25,38.25,https://i.scdn.co/image/dbb619e3ec9c1c86b0e766c53e21e5aa65e5d76c
38,YON46,Right Before Your Eyes,America,40,50,49,34,43.25,https://i.scdn.co/image/dbb619e3ec9c1c86b0e766c53e21e5aa65e5d76c
44,YON62,(I Hang) On Your Every Word,Amy Holland,62,69,71,64,66.5,https://img.discogs.com/OZA4usvY_gkbXiM2mJFhTzPq4MU=/fit-in/150x150/filters:strip_icc():format(jpeg):mode_rgb():quality(40)/discogs-images/R-2630414-1331316816.jpeg.jpg
46,YON54,Lonely Boy,Andrew Gold,20,35,35,28,29.5,https://i.scdn.co/image/bc3ed8b1d6c059a507640eb46c504d14d8763429
45,YON35,Thank You For Being A Friend,Andrew Gold,37,34,31,37,34.75,https://i.scdn.co/image/f238e3e06d4c689dd1d96d0776feb0e089e59ef3
47,YON36,I Go For You,Andy Gibb,38,31,28,32,32.25,https://i.scdn.co/image/b3364dc6762e82e5823d225817ceb9d6e2387d21
48,BYR81,When I Can't Have You,Anne Murray,57,56,64,52,57.25,https://i.scdn.co/image/f56b5e0a95eb34e26237f358da0e865ded97f1fa
49,YON41,Take It Easy,Archie James Cavanaugh,46,49,40,38,43.25,https://i.scdn.co/image/c9c95f787d60cc7d8a34d9b5a29f23290edecb2f
50,YON43,What A Fool Believes,Aretha Franklin,59,73,56,63,62.75,https://i.scdn.co/image/9dca22415551220794c5d1339fe2259b2b11cea4
51,BYR73,Sail On A Rainbow,Art Garfunkel,67,49,62,55,58.25,https://i.scdn.co/image/cccad8cc3d2418dfaeaffcecbeca8ebd222d139a
52,YON26,In A Little While (I'll Be On My Way),Art Garfunkel,65,61,71,72,67.25,https://i.scdn.co/image/cccad8cc3d2418dfaeaffcecbeca8ebd222d139a
53,YON37,Spooky,Atlanta Rhythm Section,19,31,22,22,23.5,https://i.scdn.co/image/c9dc23cd213de73c049f0be62baa2d390aa4d4ff
54,YON42,Alien,Atlanta Rhythm Section,47,51,44,38,45,https://i.scdn.co/image/decd18fa6871db100f82bf4c243d9e509f0572e7
55,YON28,So Into You,Atlanta Rhythm Section,75,73,68,62,69.5,https://i.scdn.co/image/24dc5486c51b2c68b9c5d42a6424996b49549e1f
56,YON16,Change,Attitudes,80,76,72,69,74.25,https://i.scdn.co/image/01247a126860835036ca5f568d7f14be7c985a43
57,YON05,Shine,Average White Band,80,86,90,85,85.25,https://img.discogs.com/r9NCanKoRBAoQNMCrOMYuPG-ogY=/fit-in/150x150/filters:strip_icc():format(jpeg):mode_rgb():quality(40)/discogs-images/R-1245161-1286967442.jpeg.jpg
59,YON57,The Part You Play,Baby Teeth,9,7,8,15,9.75,https://i.scdn.co/image/121b614daab681fde0c027ca3496c2e58e6b38f5
60,YON14,Sailin' On,Bad Brains,2,2,0.9,5,2.475,https://i.scdn.co/image/3d70d9c426563303a8b548a9790fc4f5a2c2af48
62,YON28,I Found You Love,Barbra Streisand,25,27,27,20,24.75,https://i.scdn.co/image/6727bf8378a821b82b2b263150b10d5bfb7cb8bc
61,YON05,Splish Splash,Barbra Streisand,49,33,29,25,34,https://i.scdn.co/image/af7fbf9e1e0e040824980c49efea2478af6fe309
63,YON05,Guilty,Barbra Streisand & Barry Gibb,65,60,64,52,60.25,https://i.scdn.co/image/7fe93b63480bbc022bb52ebf7624280260a5e8f1
64,YON29,Let's Get On With It,Barry Manilow,72,90,77,62,75.25,https://i.scdn.co/image/23a3419eff484cca9472e40c1507abd40652f901
65,YON56,Jane,Ben Folds Five,12,12,20,28,18,https://i.scdn.co/image/0cd5228d0bdab82aaba3a42330b18ccc9f2f87ab
67,YON30,Step By Step,Benny Hester,62,67,64,71,66,https://i.scdn.co/image/d03fe9da85617b9a2ecba5cd43fe075705d93e62
66,BYR64,Come Back,Benny Hester,68,77,68,73,71.5,https://i.scdn.co/image/d03fe9da85617b9a2ecba5cd43fe075705d93e62
68,YON54,Into The Night,Benny Mardones,30,35,33,41,34.75,https://i.scdn.co/image/ddc80cb39a1cceb581174a44757d5e59f44611d6
70,YON70,Just Another Day in Paradise,Bertie Higgins,38,20,35,25,29.5,https://i.scdn.co/image/2300045d1d7e884fe9d1307818b17cafa7256aab
69,BYR49,Key Largo,Bertie Higgins,40,31,43,45,39.75,https://i.scdn.co/image/3803202417d0c093c2ee6a022265635001a0da75
72,YON46,Take It Uptown,Bill Champlin,65,54,71,58,62,https://i.scdn.co/image/e0cf5ec0f2e17b486e7de04cbd8e62c35c617257
74,YON64,One Way Ticket,Bill Champlin,72,71,79,84,76.5,https://i.scdn.co/image/699710c10f61cb4f56f6fa8cdc5ec849e7bc30c8
73,YON53,I Don't Want You Anymore,Bill Champlin,88,89,88,90,88.75,https://i.scdn.co/image/d5a458c0b9506cd96880f39e025f2c1bc942f508
71,BYR16,Runaway,Bill Champlin,90,92,94,89,91.25,https://i.scdn.co/image/e0cf5ec0f2e17b486e7de04cbd8e62c35c617257
77,YON31,Look Who's Lonely Now,Bill LaBounty,90,83,89,82,86,https://i.scdn.co/image/472be5bb9a8dd13ccf973b0daf00ea04ecfa6d49
75,BYR06,Livin' It Up,Bill LaBounty,87,88,92,84,87.75,https://i.scdn.co/image/472be5bb9a8dd13ccf973b0daf00ea04ecfa6d49
76,YON27,Dream On,Bill LaBounty,91,90,93,86,90,https://i.scdn.co/image/472be5bb9a8dd13ccf973b0daf00ea04ecfa6d49
78,YON03,Lovely Day,Bill Withers,75,48,44,70,59.25,https://i.scdn.co/image/57c2428d48bbff0a995b521b97b2eb46a9191172
79,YON68,Just the Two Of Us,Bill Withers,69,71,72,75,71.75,https://i.scdn.co/image/c5a5fc28c3f20874571f117ff1fe1e3af5fe733e
81,YON68,Caribbean Queen,Billy Ocean,52,53,45,45,48.75,https://i.scdn.co/image/36a0b98ac6d66873e5e16ddf78769d4e60b45a04
80,YON29,Rock-A-Bye Baby,Billy Ocean,62,49,58,65,58.5,https://i.scdn.co/image/64379149095aeb81f0fa6d7892319793e78bef72
82,YON04,In Thee,Blue Oyster Cult,7,23,13,15,14.5,https://i.scdn.co/image/b8cb64d7c2682b9d8530a5bd10762649a653701f
83,YON69,Ride Captain Ride,Blues Image,9,21,14,18,15.5,https://i.scdn.co/image/a5b024f1c4a52b25e21dfcc8eb620fce13a751a9
84,YON49,Angela,Bob James,55,51,51,52,52.25,https://i.scdn.co/image/90d2e0bee645dbb1fcf0f00d3ff051af76d38791
86,YON38,Bombs Away,Bob Weir,40,34,40,20,33.5,https://img.discogs.com/QwaPTfY8wSpIyLIERni5LgJFROk=/fit-in/150x150/filters:strip_icc():format(jpeg):mode_rgb():quality(40)/discogs-images/R-620960-1241292424.jpeg.jpg
85,YON32,Heaven Help The Fool,Bob Weir,46,49,41,42,44.5,https://i.scdn.co/image/cadf62a61ec90d2d6b8964022799d834ffa9691e
87,YON32,Don't Let Me Fall,Bob Welch,62,58,52,55,56.75,https://i.scdn.co/image/212ac1a5074b0fce149b327ca21eaef08814e7af
89,YON16,Fraulein,Bobby Caldwell,78,69,69,60,69,https://i.scdn.co/image/2651ab50d3539bf0b8ad6534b68e8ea57f8a447b
88,YON07,What You Won't Do for Love,Bobby Caldwell,75,84,70,65,73.5,https://i.scdn.co/image/f383a45a71c4381575d12631ac9d48a09a0297ca
90,YON23,Can't Say Goodbye,Bobby Caldwell,77,83,78,72,77.5,https://i.scdn.co/image/f383a45a71c4381575d12631ac9d48a09a0297ca
91,YON24,Coming Down From Love,Bobby Caldwell,82,85,80,78,81.25,https://i.scdn.co/image/f956742a25dfd22086cec7f9348fd41883dcf39d
92,YON24,Show Me The Light,Bobby Martin,92,85,85,88,87.5,https://img.discogs.com/bBOIF0IZQCgbXS2DmJrtBlEGsXM=/fit-in/150x150/filters:strip_icc():format(jpeg):mode_rgb():quality(40)/discogs-images/R-7140006-1434609110-9112.jpeg.jpg
93,YON41,You've Really Got A Hold On Me,Bobby McFerrin,25,33,23,30,27.75,https://i.scdn.co/image/2dbb1f556c4a8bc0111b6766c53acd82e0b4c10d
94,YON64,I'll Put Some Love,Booker T. Jones,78,81,74,78,77.75,https://img.discogs.com/itoljDiS-HDFxzFS6X1KDB8MNYo=/fit-in/150x150/filters:strip_icc():format(jpeg):mode_rgb():quality(40)/discogs-images/R-2119254-1265063650.jpeg.jpg
96,YON19,Lido Shuffle,Boz Scaggs,65,45,40,40,47.5,https://i.scdn.co/image/80a11515b02eb74904b3139221ec4dbc2043700d
95,BYR23,Look What You've Done to Me,Boz Scaggs,51,50,53,58,53,https://i.scdn.co/image/5e57c1915be3e6ca97c211e39e93ce040ad74b14
99,YON37,Miss Sun,Boz Scaggs,56,51,54,54,53.75,https://i.scdn.co/image/b9fd24606a9129962cacd666f7fa0ae41a517447
97,YON24,Jojo,Boz Scaggs,72,71,74,68,71.25,https://i.scdn.co/image/5e57c1915be3e6ca97c211e39e93ce040ad74b14
100,YON44,Simone,Boz Scaggs,73,74,85,69,75.25,https://i.scdn.co/image/b9fd24606a9129962cacd666f7fa0ae41a517447
98,YON33,Lowdown,Boz Scaggs,87,96,94,79,89,https://i.scdn.co/image/f75ee96adad9474f121d986d564ec9ba01c40c95
101,YON69,Baby I'm-A Want You,Bread,8,16,25,12,15.25,https://i.scdn.co/image/f5fddb29b931c01085578508e3175751a78e48ff
102,YON42,One Out Of Two,Breakbot,62,48,58,65,58.25,https://i.scdn.co/image/558c688b23de7e0173390e96a644fc59995ee1f3
105,BYR68,Two Eyes,Brenda Russell,66,63,67,59,63.75,https://i.scdn.co/image/479b0f26fe4f435c155e9d1d3778940c70215203
106,BYR70,New York Bars,Brenda Russell,79,80,76,66,75.25,https://i.scdn.co/image/479b0f26fe4f435c155e9d1d3778940c70215203
104,BYR53,Lucky,Brenda Russell,87,72,66,78,75.75,https://i.scdn.co/image/1e0a2d70170572ac4632df5868c25e3fad572bb4
103,BYR48,Hello People,Brenda Russell,88,88,78,82,84,https://i.scdn.co/image/479b0f26fe4f435c155e9d1d3778940c70215203
108,YON45,Room To Grow,Brian Elliot,61,57,53,48,54.75,https://i.scdn.co/image/6b8a0c80dad7c61ff5cf3e6f111c3bf6b37ae8f2
109,YON60,On the Clock,Bronze,50,52,55,46,50.75,https://i.scdn.co/image/cb80b38d6ccf4ca639bcbc402dd97623b3cb080d
111,YON53,Sad Eyes,Brooklyn Dreams,42,56,42,42,45.5,https://img.discogs.com/h_ZI-99Kb8GO1si_Z5X0E1gTuKI=/fit-in/150x150/filters:strip_icc():format(jpeg):mode_rgb():quality(40)/discogs-images/R-1405763-1216911004.jpeg.jpg
110,BYR70,I Won't Let Go,Brooklyn Dreams,62,87,72,81,75.5,https://img.discogs.com/jzgfc5NUFHxrP1aSucybfGz1Obo=/fit-in/150x150/filters:strip_icc():format(jpeg):mode_rgb():quality(40)/discogs-images/R-6000319-1409221095-2783.jpeg.jpg
112,YON20,Summertime,Brother Love,10,6,3,4,5.75,https://i.scdn.co/image/eb7140e71465df5f63b8e6d874081953737106c6
114,YON25,Never Turnin' Back,Bruce Hibbard,53,71,68,58,62.5,https://img.discogs.com/5arXSMpz7G2iMlCrv_UKTfXpTWo=/fit-in/150x150/filters:strip_icc():format(jpeg):mode_rgb():quality(40)/discogs-images/R-1894465-1250767824.jpeg.jpg
115,YON24,Mandolin Rain,Bruce Hornsby,12,14,15,21,15.5,https://i.scdn.co/image/7d60a39ceb39ae324b48d82b18163d1642c89e65
116,BYR69,Cool Fool,Bruce Roberts,62,76,63,58,64.75,https://i.scdn.co/image/a84775c8a01665cb800798aca9d62df8db05f8cb
117,YON23,Straight Up & Down,Bruno Mars,5,4,3,6,4.5,https://i.scdn.co/image/63ddbd647a5a4e672da6b6eb29cfc38c985bffca
120,YON63,Right Through the Heart,Byrne & Barnes,78,74,69,67,72,https://img.discogs.com/zaa0b8qBUHmn2WKb3inotPIyd-E=/fit-in/150x150/filters:strip_icc():format(jpeg):mode_rgb():quality(40)/discogs-images/R-6102099-1489211376-2647.jpeg.jpg
119,YON10,Love You Out of Your Mind,Byrne & Barnes,81,86,83,75,81.25,https://img.discogs.com/zaa0b8qBUHmn2WKb3inotPIyd-E=/fit-in/150x150/filters:strip_icc():format(jpeg):mode_rgb():quality(40)/discogs-images/R-6102099-1489211376-2647.jpeg.jpg
118,BYR60,Keep On Running,Byrne & Barnes,87,88,81,78,83.5,https://img.discogs.com/zaa0b8qBUHmn2WKb3inotPIyd-E=/fit-in/150x150/filters:strip_icc():format(jpeg):mode_rgb():quality(40)/discogs-images/R-6102099-1489211376-2647.jpeg.jpg
121,YON55,Wing and A Prayer,Camel,29,29,37,35,32.5,https://i.scdn.co/image/6a134ad39aaeaf9aa541de342ff859fec17a5f75
122,BYR10,Love Will Keep Us Together,Captain & Tenille,59,45,51,52,51.75,https://i.scdn.co/image/700f3cb2f99401010d3acab6744cb1264ffa8280
123,YON21,No Love In the Morning,Captain & Tennille,39,23,38,27,31.75,https://i.scdn.co/image/7f5e7141a096c8e909453cd1761172a1855387aa
124,YON35,Of The Times,Carl Wilson,39,38,33,35,36.25,https://i.scdn.co/image/fd76cbb84bb29ba7321de455f921db83df3295e3
125,YON05,Nobody Does it Better,Carly Simon,29,12,14,15,17.5,https://i.scdn.co/image/2e815bdec9a9d0e73fed8efe029041b1f2594456
126,YON37,Stronger Than Before,Carole Bayer Sager,60,58,53,49,55,https://i.scdn.co/image/18ce78d0213d0ebd40ca85411c5cbc6f1cf8c2d5
127,BYR70,Lucky One (New York Boy),Carrera,57,71,77,68,68.25,https://img.discogs.com/xPizYQ91E91hYERVEJt1OifqZmc=/fit-in/300x300/filters:strip_icc():format(jpeg):mode_rgb():quality(40)/discogs-images/R-3612882-1357896057-7520.jpeg.jpg
128,BYR45,Through the Fire,Chaka Khan,87,81,76,82,81.5,https://i.scdn.co/image/2d3143a44c124074da3ff8cab412c81f6a067ab3
129,YON61,Listen! (I Just Want You),Charlie Dore,57,48,42,32,44.75,https://i.scdn.co/image/61b6bd088f34893cbfd4b1f9374430e2f2d4db60
130,YON15,Messin' With The Boys,Cherie and Marie Currie,39,33,19,30,30.25,https://i.scdn.co/image/e7881923b073c5b25a4248c89a842e386d5b5f8e
132,YON26,Hard For Me to Say I'm Sorry,Chicago,25,39,29,38,32.75,https://i.scdn.co/image/c6bb2d807439dc2533260805646b971743588e66
133,YON59,Bad Advice,Chicago,45,41,47,32,41.25,https://i.scdn.co/image/7821592e3420efed20b01edeb7a3dd32e84f2ce7
131,YON07,Sonny Think Twice,Chicago,75,45,62,60,60.5,https://i.scdn.co/image/7821592e3420efed20b01edeb7a3dd32e84f2ce7
135,YON70,"My Girl (Gone, Gone, Gone)",Chilliwack,39,31,44,32,36.5,https://i.scdn.co/image/5b476afba8064857043b43ce4b208daf9435da57
134,YON14,I Believe,Chilliwack,41,46,53,40,45,https://i.scdn.co/image/5b476afba8064857043b43ce4b208daf9435da57
136,YON25,Runnin' Around,China,88,65,72,72,74.25,https://img.discogs.com/Jtt2jUN2ZvDzGUdrHdg7YuELcR8=/fit-in/150x150/filters:strip_icc():format(jpeg):mode_rgb():quality(40)/discogs-images/R-6127139-1428310516-2084.jpeg.jpg
137,YON63,You Did Cut Me,China Crisis,59,49,61,47,54,https://i.scdn.co/image/a7a2ee332730e43bf31f0d2ddaa8215e7083e0fd
138,YON36,Don`t Give Up On Us,Chris Christian & Christopher Cross,69,80,75,77,75.25,https://img.discogs.com/pRIYGXco1r66vNHCjCFUEFj_fFE=/fit-in/300x300/filters:strip_icc():format(jpeg):mode_rgb():quality(40)/discogs-images/R-3224388-1338674456-8299.jpeg.jpg
139,YON36,Fool If You Think It's Over,Chris Rea,42,42,34,42,40,https://i.scdn.co/image/a087b71c0a087309639da84581e5bf04a33760a5
140,BYR70,Arthur's Theme (Best You Can Do),Christopher Cross,50,56,62,57,56.25,https://i.scdn.co/image/a6769fd0c2e99bff3b17f9e4a0d81f7e25f6a874
145,YON69,I Really Don't Know Anymore,Christopher Cross,90,89,92,87,89.5,https://i.scdn.co/image/c344aa116fbe04782135a7914c11554ae430ce84
144,YON68,Never Be The Same,Christopher Cross,91,90,92,91,91,https://i.scdn.co/image/c344aa116fbe04782135a7914c11554ae430ce84
142,YON19,All Right,Christopher Cross,98,88,94,94,93.5,https://i.scdn.co/image/68b94c4df4a882f8db8fb3a5ce47abeb3ef01172
143,YON29,Ride Like the Wind,Christopher Cross,91,95,94,95,93.75,https://i.scdn.co/image/c344aa116fbe04782135a7914c11554ae430ce84
141,YON01,Sailing,Christopher Cross,90,100,98,90,94.5,https://i.scdn.co/image/c344aa116fbe04782135a7914c11554ae430ce84
146,BYR02,Cannonball Run Theme,Chuck Mangione,32,39,33,38,35.5,https://i.scdn.co/image/7af25140ee334e5b1d017e6517634ca1e2285dd3
147,YON05,Feels So Good,Chuck Mangione,37,43,40,58,44.5,https://i.scdn.co/image/9f6021e5e9fcf064369be922084a5852862c70c4
148,BYR24,Didn't Wanna Hurt Cha For Another Guy,"Chunky, Novi & Ernie",62,65,60,63,62.5,https://i.scdn.co/image/2cdd7f992c9e7934341392d71d722d243b5001d1
150,YON69,Devil Woman,Cliff Richard,19,20,30,15,21,https://i.scdn.co/image/80a495972860bb09023f9fb54ea5301aed707bc1
149,YON21,We Don't Talk Anymore,Cliff Richard,49,49,49,43,47.5,https://i.scdn.co/image/f1d740d5545c59b0c9e8e89b39c328279e68258f
151,YON12,I Love You,Climax Blues Band,14,24,19,20,19.25,https://i.scdn.co/image/d349423db678316af937ec33495f9d67b9b16729
152,YON33,Couldn't Get It Right,Climax Blues Band,35,40,36,38,37.25,https://i.scdn.co/image/435f7c357f3cda2cde62188b0c547fadebbde6a7
154,YON45,Nightshift,Commodores,38,42,32,42,38.5,https://i.scdn.co/image/518594ea80461b26bcfb0a2d0ce3c4e37ca7a459
153,YON09,Sail On,Commodores,45,49,31,35,40,https://i.scdn.co/image/c97bef783c9ac6de5649e30a49241833a125a3f3
155,YON41,California 1,Con Funk Shun,48,50,39,45,45.5,https://i.scdn.co/image/de952e475e0964efd987dcdc656b6de4f2fae7ee
156,YON39,On The Wing,Crackin',59,61,59,58,59.25,https://i.scdn.co/image/414b8339b79829d50056fcb9f09ea815be6e5fa6
159,YON70,Just a Song Before I Go,"Crosby, Stills & Nash",12,9,15,10,11.5,https://i.scdn.co/image/2a399bdefb6d6b5a856e4e496815462ae8982cfb
157,BYR10,Southern Cross,"Crosby, Stills & Nash",33,39,25,28,31.25,https://i.scdn.co/image/aefdd1a3e54dd2f7d61f709bc816ea333c4182f7
158,YON52,Since I Met You,"Crosby, Stills & Nash",45,35,33,32,36.25,https://i.scdn.co/image/aefdd1a3e54dd2f7d61f709bc816ea333c4182f7
160,YON43,Street Life,Crusaders,46,48,52,43,47.25,https://i.scdn.co/image/9e019543e7a324133aece4430d4f8cb9c26f3bdc
161,YON38,Tripping Out,Curtis Mayfield,24,29,21,22,24,https://i.scdn.co/image/08072ca2f6472142d192ceed98a13dca75a3bac1
162,YON60,Fragments of Time,Daft Punk,75,63,75,58,67.75,https://i.scdn.co/image/405ee050d1976448c600cb9648e491e31ef87aed
164,YON41,Heart Hotels,Dan Fogelberg,37,41,31,28,34.25,https://i.scdn.co/image/ae8c0f3dc39e9857cbefd1771fe61189416086c4
163,YON13,Missing You,Dan Fogelberg,62,49,47,48,51.5,https://i.scdn.co/image/f994c977152f7a08f21b346d0f5d0e170ab047d9
166,YON31,Instant Replay,Dan Hartman,10,8,8,15,10.25,https://i.scdn.co/image/8e74270448066336e16e48be0f81e2e6b2db8611
165,YON12,I Can Dream About You,Dan Hartman,38,26,30,25,29.75,https://i.scdn.co/image/8d33c7fea4d66e08573e7a150abff0e0b3cc7381
168,BYR19,Woman,Dane Donohue,82,83,79,82,81.5,https://i.scdn.co/image/065e71ccd4ba25f79a85fdd63acf7c868e17f55e
167,YON35,Can't Be Seen,Dane Donohue,88,86,83,83,85,https://i.scdn.co/image/065e71ccd4ba25f79a85fdd63acf7c868e17f55e
169,YON33,Love Now,Danny Douma,50,46,47,43,46.5,https://img.discogs.com/OWUR-PAFOZi5JQZT_BzcWW6VwQQ=/fit-in/150x150/filters:strip_icc():format(jpeg):mode_rgb():quality(40)/discogs-images/R-3694553-1462900862-3451.jpeg.jpg
170,YON35,Huggin,Dara Sedaka,81,81,63,76,75.25,https://i.scdn.co/image/9533586478a6df7319964de5e6dbfc6768f16337
178,YON39,You're Much Too Soon,Daryl Hall & John Oates,18,22,22,25,21.75,https://i.scdn.co/image/c3d3815f5abac6d4b1e454109dcf2a1524d36cad
172,YON01,Maneater,Daryl Hall & John Oates,35,29,8,25,24.25,https://i.scdn.co/image/b8f653c8d48ec4ffb984ed0ea15897c561553e57
177,YON39,Camellia,Daryl Hall & John Oates,38,30,34,25,31.75,https://i.scdn.co/image/20f8e885b4532e8a5f7e389149a0338aa9273c77
174,YON38,Sara Smile,Daryl Hall & John Oates,22,38,30,38,32,https://i.scdn.co/image/20f8e885b4532e8a5f7e389149a0338aa9273c77
180,YON69,Gino (The Manager),Daryl Hall & John Oates,35,29,32,33,32.25,https://i.scdn.co/image/20f8e885b4532e8a5f7e389149a0338aa9273c77
171,BYR10,Rich Girl,Daryl Hall & John Oates,38,46,28,36,37,https://i.scdn.co/image/83b16f32034ec7e9d449379352fad28fca102608
176,YON39,I Can't Go For That (No Can Do),Daryl Hall & John Oates,38,48,55,30,42.75,https://i.scdn.co/image/cfe20cb6dac7f6a7366893c5d582d82e538683b6
179,YON69,She's Gone,Daryl Hall & John Oates,42,41,43,45,42.75,https://i.scdn.co/image/eb8c105408fc5d6988c04e5308ce8cfe140af832
173,YON25,Private Eyes,Daryl Hall & John Oates,62,47,23,48,45,https://i.scdn.co/image/cfe20cb6dac7f6a7366893c5d582d82e538683b6
175,YON39,Time's Up (Alone Tonight),Daryl Hall & John Oates,55,54,60,48,54.25,https://i.scdn.co/image/69cc04c2f37bca821cc7b605c57c14a9d1c88d47
181,YON29,Haunting Me,Dave Grusin,64,76,73,67,70,https://i.scdn.co/image/dfeadacca5e14f8f3835be733fec945ed033fed1
182,BYR60,The Fool In Me,Dave Loggins,55,59,54,61,57.25,https://i.scdn.co/image/ba0635c8400edf7fce54f60e70ac58bd9a768acc
183,YON11,One Way Ticket to Paradise,Dave Loggins,63,58,61,51,58.25,https://i.scdn.co/image/2276867f2ca8f4c754d017c44ccf6c94fbc28d45
184,YON68,Save Me,Dave Mason,59,52,52,56,54.75,https://i.scdn.co/image/d90c808be63cd8412e499d633fd2585cf0f21bc3
186,YON37,She's Got To Be Somewhere,David Crosby,59,61,62,53,58.75,https://i.scdn.co/image/9cf199df58c04df258f802e38ca2844602a4cd50
187,YON35,She Don't,David Pack,56,67,81,54,64.5,https://i.scdn.co/image/550c6ae854f72cd22e31247004dc1e86eb7198e8
188,BYR70,"Ask Me to Say ""I Do"" (And I Will)",David Pomeranz,75,68,66,63,68,https://img.discogs.com/rq0Ri0oQNsyOO1c5WiE2YEluAY4=/fit-in/150x150/filters:strip_icc():format(jpeg):mode_rgb():quality(40)/discogs-images/R-2863345-1304535954.jpeg.jpg
191,YON50,Too Good To Last,David Roberts,59,61,74,65,64.75,https://i.scdn.co/image/cb82874461684d5c01b4dcc7df0f52021d3817a4
190,YON50,Wrong Side of the Tracks,David Roberts,78,79,84,77,79.5,https://i.scdn.co/image/cb82874461684d5c01b4dcc7df0f52021d3817a4
189,BYR59,Boys of Autumn,David Roberts,90,83,89.5,89,87.875,https://i.scdn.co/image/cb82874461684d5c01b4dcc7df0f52021d3817a4
192,YON15,Anything You Want,David Sanborn,65,57,67,65,63.5,https://i.scdn.co/image/9537377e88561cd6f09cb398b3ff94d317db5001
193,YON20,Eye Know,De La Soul,28,26,10,16,20,https://img.discogs.com/qI5i15DLd10tNWgdXZs0uJFroO8=/fit-in/150x150/filters:strip_icc():format(jpeg):mode_rgb():quality(40)/discogs-images/R-97850-1453864815-2493.jpeg.jpg
197,YON60,I Like It,DeBarge,48,47,41,44,45,https://i.scdn.co/image/f4bf1dba134e33285ef6d21050be2ed3d20ac4fd
194,YON34,Who's Holding Donna Now,DeBarge,45,48,47,42,45.5,https://i.scdn.co/image/73912dd51d56a04c1d34af04eb0eb797f65b4d9e
196,YON44,Saving Up All My Love,DeBarge,64,49,62,53,57,https://i.scdn.co/image/a99e45754c67eca270bdab7b787310d5a9bc1496
195,YON44,Queen Of My Heart,DeBarge,72,71,70,57,67.5,https://i.scdn.co/image/834cbf639f04c86ae53ada46bdf4d95feda26855
198,YON33,Be Yourself,Debra Laws,47,62,43,48,50,https://i.scdn.co/image/4a1aa11ada8d8b388251dd996212eade48c51106
199,YON24,Just This One Night,Deodato,52,46,37,42,44.25,https://i.scdn.co/image/ecd9f3e480a73e8f106f8a92f54965518f17fd2d
200,YON42,Tahitti Hut,Deodato,49,50,41,42,45.5,https://i.scdn.co/image/e648c3e878ae71dd7905b812b02f4749307fede4
202,YON66,Love Will Make It Right,Diana Ross,55,54,56,52,54.25,https://i.scdn.co/image/912846aaf97ea441f8465dc25a12c7280ecba2d5
201,YON66,That's How You Start Over,Diana Ross,93,87,93,89,90.5,https://i.scdn.co/image/912846aaf97ea441f8465dc25a12c7280ecba2d5
203,YON64,Mon Ami-e,Diane Tell,67,80,76,75,74.5,https://i.scdn.co/image/bfbfef69ab8f0d210afbb10966f589513e4d1507
206,YON44,Take The Short Way Home,Dionne Warwick,50,46,42,43,45.25,https://i.scdn.co/image/376c1111824a2402ff3b1bea8ea375413290272b
205,YON40,Easy Love,Dionne Warwick,49,47,48,40,46,https://i.scdn.co/image/6c3dfec95affd46e031a1814065d6433ceb6ce26
204,YON40,Deja Vu,Dionne Warwick,50,48,53,54,51.25,https://i.scdn.co/image/87b38a6676709d158eeaeb6827826327a4b0c2d7
207,YON15,Got You Where I Want You,Dionne Warwick & Johnny Mathis,65,69,62,54,62.5,https://i.scdn.co/image/58af60dab91005d1324fb47b8554cfaeac5eb3ca
208,YON69,Drift Away,Dobie Gray,2,11,2,3,4.5,https://i.scdn.co/image/b22fd9e9191e5ed88694a099c84ab890d133da92
209,BYR60,Same Old Fool,Dolly Parton,84,81,64,71,75,https://i.scdn.co/image/72f9f0760f91a81ddae1f9033fa4a4251afc178c
210,YON27,Don't Lose Your Love,Don Brown,41,30,33,28,33,https://i.scdn.co/image/8dbf61cfaea360c2127fa8edf7de08aba603b4d2
213,YON24,Snowbound,Donald Fagen,45,57,39,45,46.5,https://i.scdn.co/image/b70b759899baaf2dbabd6abb86489b1eb9a71932
215,YON28,Security Joan,Donald Fagen,48,51,54,55,52,https://i.scdn.co/image/9aa7e56a6168391b0357af6b9edc6d2393b66a9c
216,YON56,Miss Marlene,Donald Fagen,55,52,52,51,52.5,https://i.scdn.co/image/9fb945e47fd4f46793964dbcb82a5f69ef8a0cf7
212,YON18,New Frontier,Donald Fagen,58,60,70,48,59,https://i.scdn.co/image/3ed9a80dddd82aa6d2a838dcb1f7503a92b0018d
211,YON12,Tomorrow's Girls,Donald Fagen,59,66,75,55,63.75,https://i.scdn.co/image/b70b759899baaf2dbabd6abb86489b1eb9a71932
214,YON25,I.G.Y.,Donald Fagen,60,63,76,61,65,https://i.scdn.co/image/3ed9a80dddd82aa6d2a838dcb1f7503a92b0018d
218,YON68,State of Independence,Donna Summer,30,33,17,25,26.25,https://i.scdn.co/image/a9dacecbddb3d3259b31a5c281d687fd91b3106a
217,YON59,Livin' In America,Donna Summer,41,48,47,45,45.25,https://i.scdn.co/image/a9dacecbddb3d3259b31a5c281d687fd91b3106a
219,YON53,Baby,Donnie & Joe Emerson,10,28,29,32,24.75,https://i.scdn.co/image/75a722c86d000d24f8d26aaa861ef212f12f356e
220,YON21,The Captain of Her Heart,Double,28,18,22,22,22.5,https://i.scdn.co/image/868f75a2e2853aa047041110f57f7e1db13d284d
221,YON37,When You're In Love With A Beautiful Woman,Dr. Hook,20,24,23,18,21.25,https://i.scdn.co/image/46e9fc09a6242e92290d242cb31698ca782f2262
222,YON16,Closet Man,Dusty Springfield,83,74,61,65,70.75,https://i.scdn.co/image/4196d44dd6fc4fd65e224f13417c34634c70b0f2
223,YON02,Lovin' and Losin' You,Dwayne Ford,90,96,89,84,89.75,https://i.scdn.co/image/6e997b7f2ff1b8d2766240079771385ae9f126a2
224,YON35,Adventures In The Land Of Music,Dynasty,33,50,36,42,40.25,https://i.scdn.co/image/d59d99339a2e9611b9a7c9db449925997d6562ff
225,YON20,Tequila Sunrise,Eagles,7,11,0,0,4.5,https://i.scdn.co/image/9a573abb2750f879447251c7340d2f3d89886757
226,YON22,Hotel California,Eagles,15,6.66,0,7,7.165,https://i.scdn.co/image/bbfa72f88af20c15aa7b56e1aea8682221eab243
228,YON70,One of These Nights,Eagles,31,19,24,21,23.75,https://i.scdn.co/image/450a2bb0b61b584c9d87afd536bb5cb274243b65
227,YON28,I Can't Tell You Why,Eagles,41,50,33,42,41.5,https://i.scdn.co/image/a38e9601c9e04325117743cc4cdac5ef09bbbdcf
229,YON52,Star,"Earth, Wind & Fire",42,43,57,39,45.25,https://i.scdn.co/image/394a3116871e480e8a9f0b1cf462b2f0dcee23c7
231,YON12,Maybe I'm a Fool,Eddie Money,40,41,22,35,34.5,https://i.scdn.co/image/3a00821b038893a593538c23dd3067938c7173ac
232,YON26,Step by Step,Eddie Rabbitt,30,40,35,25,32.5,https://i.scdn.co/image/82f6881053f05f3798b3d7497e6e1e12462bc4fb
233,YON31,Suspicions,Eddie Rabbitt,60,53,53,51,54.25,https://i.scdn.co/image/499547748f67b988011b5a3257b0e7756021c34a
234,YON19,Little Jeannie,Elton John,49,51,36,35,42.75,https://i.scdn.co/image/093bd8cd43bfbfa037c6ab4437b0031fbd6bfe49
235,YON25,Give Me The Love,Elton John,55,63,59,61,59.5,https://i.scdn.co/image/093bd8cd43bfbfa037c6ab4437b0031fbd6bfe49
236,BYR10,I'd Really Love to See You Tonight,England Dan & John Ford Coley,50,50,37,39,44,https://i.scdn.co/image/10ea24a8b1a0a3cc2096dcf5ec00322572a02bff
237,BYR60,Caught Up in the Middle,England Dan & John Ford Coley,81,78,80,78,79.25,https://i.scdn.co/image/e133b71bcdfa3806eb5787a62681d74105292c6f
238,YON10,Change of Heart,Eric Carmen,74,72,67,70,70.75,https://i.scdn.co/image/e2ea98b6bd34d1f2ede407f34bd0ab1e6982bb51
239,YON14,No One There,Eric Tagg,83,90,88,80,85.25,https://img.discogs.com/9Bc_qRIjtt2SNRWNhiuBIvA5AC0=/fit-in/300x300/filters:strip_icc():format(jpeg):mode_rgb():quality(40)/discogs-images/R-3411902-1384163263-5116.jpeg.jpg
241,YON09,Kiss You All Over,Exile,12,38,12,25,21.75,https://i.scdn.co/image/cd58417e2acb9c67cc332cbd30e0605e1f266b7e
240,BYR89,You're Good For Me,Exile,82,86,81,87,84,https://i.scdn.co/image/f5f7a5abc12ac3af3379d59e3130cd8271c9da75
242,YON29,Falling For A Funny One,Eye To Eye,47,54,44,55,50,https://i.scdn.co/image/a5eff5abc26ca4c30a2b96df320c91d384d9c9dd
243,YON21,But Not For You,Field Music,3,4,9,5,5.25,https://i.scdn.co/image/e9543fd99d4213740cd6e7b8beb85c6b1d032ba0
245,YON70,Just Remember I Love You,Firefall,12,16,32,9,17.25,https://i.scdn.co/image/6d39efbf03ba869eea64cdd8d6d120641936c9ff
244,YON01,You Are the Woman,Firefall,30,39,15,30,28.5,https://i.scdn.co/image/da6a0747aa33fb3473266792635e160d94d26741
247,YON07,Little Lies,Fleetwood Mac,12,23,18,15,17,https://i.scdn.co/image/16152677d2b566e0db8d2cadbbe021c4d1c6caee
246,YON07,Everywhere,Fleetwood Mac,5,33,18,15,17.75,https://i.scdn.co/image/16152677d2b566e0db8d2cadbbe021c4d1c6caee
250,YON70,Dreams,Fleetwood Mac,31,40,35,22,32,https://i.scdn.co/image/e9deafbd4f3e577ae46c373d40fc0e717cc4e9eb
248,YON08,Hold Me,Fleetwood Mac,45,31,34,20,32.5,https://i.scdn.co/image/9b2db154ad74c7578c5131d4dd98cf65d36f40ce
249,YON50,You Make Loving Fun,Fleetwood Mac,35,40,37,25,34.25,https://i.scdn.co/image/e9deafbd4f3e577ae46c373d40fc0e717cc4e9eb
251,YON50,Mr. Lucky,Fools Gold,39,33,38,35,36.25,https://img.discogs.com/Lt7FKKUA-qqvyc9ipTAJmiFQqB8=/fit-in/150x150/filters:strip_icc():format(jpeg):mode_rgb():quality(40)/discogs-images/R-3068950-1325602568.jpeg.jpg
252,YON58,Waiting For A Girl Like You,Foreigner,30,41,34,25,32.5,https://i.scdn.co/image/3b3a1a34f1d8637e7a976eec77e0f1c24a67fee7
253,YON21,Follow the Leader,Foxygen,25,25,30,22,25.5,https://i.scdn.co/image/ea7909e446e1ff5f9f4a7a55e7f0662623bafb9a
256,YON07,I'm Never Gonna Give You Up,Frank Stallone,40,50,46,32,42,https://i.scdn.co/image/4ab0df0ef1d4edde9e672e276e5a6e68ad76fac6
254,BYR70,Love is Like a Light,Frank Stallone,52,70,63,61,61.5,https://i.scdn.co/image/3e1e6f73a94ab7c0a9df4c938f8188ebde3743b6
255,YON10,Moody Girl,Frank Stallone,59,56,70,65,62.5,https://i.scdn.co/image/4ab0df0ef1d4edde9e672e276e5a6e68ad76fac6
257,BYR78,Complicated Times,Frank Weber,52,50,56,51,52.25,https://i.scdn.co/image/173e9cad2070eeae83376c63b13fa8eb32cec3e9
258,BYR49,Come Rain or Shine,Franke & The Knockouts,58,65,63,58,61,https://i.scdn.co/image/b23f147560874c7fbd8d2ede36b65c6ee75d6486
259,YON09,Sweetheart,Franke & The Knockouts,59,72,74,55,65,https://i.scdn.co/image/711210c56270bd172635c24bd27d2a960c5fcccb
260,YON27,A Bigger Fool,Fred Knoblock,67,73,59,68,66.75,https://img.discogs.com/2EWYelfjVq2j2OfTOzaLESwf6Lc=/fit-in/150x150/filters:strip_icc():format(jpeg):mode_rgb():quality(40)/discogs-images/R-2311102-1276090044.jpeg.jpg
262,YON26,Ride Like the Wind,Freddie Hubbard,28,30,25,21,26,https://i.scdn.co/image/430018b96914536f9507a9c7c810fb36f5162621
261,YON16,Hubbard's Cupboard,Freddie Hubbard,31,28,25,29,28.25,https://i.scdn.co/image/23e1f84ee5ef43e4c03631d31858958f3bae2404
263,YON38,Phantom of the Footlights,Full Moon & Larsen/Feiten Band,76,79,78,83,79,https://i.scdn.co/image/f487e315988dbdd581fcefdd8103f6f4b064947b
264,YON36,You Should've Been There,Future Flight,77,69,66,64,69,https://img.discogs.com/4e__gacAboDcTDtduOTWTrWab5o=/fit-in/150x150/filters:strip_icc():format(jpeg):mode_rgb():quality(40)/discogs-images/R-1966436-1335039849.jpeg.jpg
265,YON12,Crazy Love Games,Gary,37,51,12,35,33.75,https://img.discogs.com/Eq0K47chYs0zKwsQG_E1oTnv0Uc=/fit-in/150x150/filters:strip_icc():format(jpeg):mode_rgb():quality(40)/discogs-images/R-3314540-1325520094.jpeg.jpg
266,YON59,Everybody Knows Your Name,Gary Portnoy,20,29,31,18,24.5,https://i.scdn.co/image/38662192a495a80fd8053e61e4750e1dc06e72fe
267,YON29,Just Gets Better With Time,Gary Taylor,82,69,76,72,74.75,https://img.discogs.com/qNvNUENrXzR8SjuTw5tu_FmDogY=/fit-in/300x300/filters:strip_icc():format(jpeg):mode_rgb():quality(40)/discogs-images/R-7961295-1467462575-9305.jpeg.jpg
269,YON45,I Can Feel You Cryin,Gary Wright,25,33,29,32,29.75,https://i.scdn.co/image/35399e8b799de0469f66ddeba760a18fac53d46c
268,BYR10,Dream Weaver,Gary Wright,40,40,24,25,32.25,https://i.scdn.co/image/05137836c5c27f88be24436575e2dc67f865fba0
272,YON64,Love Is Why,Gary Wright,44,31,41,31,36.75,https://i.scdn.co/image/35399e8b799de0469f66ddeba760a18fac53d46c
270,YON54,Really Want to Know You,Gary Wright,39,43,31,38,37.75,https://i.scdn.co/image/7c869f165a74f2e7aaa5868635ff48f09d37ad78
271,YON61,Close To You,Gary Wright,78,64,61,63,66.5,https://i.scdn.co/image/7c869f165a74f2e7aaa5868635ff48f09d37ad78
274,YON45,That's All,Genesis,18,36,23,20,24.25,https://i.scdn.co/image/ae174dd236b7fd965c474bb52ec116f0900254c8
273,YON14,Misunderstanding,Genesis,49,42,43,40,43.5,https://i.scdn.co/image/fa46dc02e5d95d3040b0039360ede1b0b23a0f04
275,YON05,Breezin',George Benson,90,64,79,77,77.5,https://i.scdn.co/image/e6a688e3d2d69bf91a810a4825fea86e16203ba1
277,YON43,Lady Love Me,George Benson,79,86,79,81,81.25,https://i.scdn.co/image/c9be2f0a70c4d9a34401c3656de641c9eb958929
276,YON37,Turn Your Love Around,George Benson,90,98,93,96,94.25,https://i.scdn.co/image/1bb1228b488f38b390d8b0a359d2702e01716084
279,BYR52,Breezin' 2006,George Benson & Al Jarreau,45,51,38,42,44,https://img.discogs.com/VnfVWgZJoETP-qceZIfQdZRXWhw=/fit-in/150x150/filters:strip_icc():format(jpeg):mode_rgb():quality(40)/discogs-images/R-3364645-1327484949.jpeg.jpg
280,YON56,You,George Duke,90,90,86,85,87.75,https://i.scdn.co/image/ddba8aa51f1b1cc65fc9b79ef272780e5a0562cf
281,YON54,Pure Smokey,George Harrison,50,50,48,50,49.5,https://i.scdn.co/image/a2c011d7f0d3f5098ea250efd8ad547513e14763
282,YON23,Careless Whisper,George Michael,12,30,20,15,19.25,https://i.scdn.co/image/93fd499dc4cf7e8c148f65c43b883b856492b9ea
283,BYR10,Baker Street,Gerry Rafferty,30,38,21,28,29.25,https://i.scdn.co/image/eec64de069bfc48c2f45dce89274fa7c1da55a16
284,YON10,Right Down the Line,Gerry Rafferty,23,41,37,28,32.25,https://i.scdn.co/image/eec64de069bfc48c2f45dce89274fa7c1da55a16
285,YON20,Je Reviens,Gilles Rivard,55,59,65,55,58.5,https://i.scdn.co/image/e8c7675333029e01d277c48ce39d9c48f6532d78
287,YON42,I Just Wanna Stop,Gino Vannelli,42,52,51,32,44.25,https://i.scdn.co/image/7e523ecbab3ec0ef28f49a83561a51c5b6f7c51e
288,YON59,Nightwalker,Gino Vannelli,49,57,56,58,55,https://i.scdn.co/image/91559eb7dc0637fe91a41bcd48f594f617398e35
286,BYR11,Living Inside Myself,Gino Vannelli,55,59,62,51,56.75,https://i.scdn.co/image/91559eb7dc0637fe91a41bcd48f594f617398e35
289,YON48,Southern Nights,Glen Campbell,35,38,27,30,32.5,https://i.scdn.co/image/e03ea6890b65a7aab9ceae6d00ba9a35ac6f7555
290,YON55,Don't Look Down,Go West,35,41,43,45,41,https://i.scdn.co/image/27f81347d858059038aac36fc5c822248ff1bbbc
291,YON11,Goin Down,Greg Guidry,76,86,69,74,76.25,https://img.discogs.com/_5h-W6qnj97qvLz9DGcxx2NrrwQ=/fit-in/150x150/filters:strip_icc():format(jpeg):mode_rgb():quality(40)/discogs-images/R-1453216-1220859642.jpeg.jpg
292,YON32,Lazy Nina,Greg Phillinganes,63,81,73,78,73.75,https://i.scdn.co/image/868c38b06966306b0c25b2c1d5f3e0077e58629d
293,BYR60,Cryin' Shame,Gregg Allman Band,51,61,52,58,55.5,https://i.scdn.co/image/5c6108448610d26d739e4145178982f1ee87eaa4
294,YON24,Shake You Down,Gregory Abbott,20,34,12,28,23.5,https://i.scdn.co/image/d377dd7b0f1faba81e0c4cdf1e3ce4dffbfaaf40
295,BYR83,Sinbad,Grimaldi/Zeiher,53,52,54,50,52.25,https://img.discogs.com/Lla1HagUQpYoYuysTiGB2r-wzUI=/fit-in/150x150/filters:strip_icc():format(jpeg):mode_rgb():quality(40)/discogs-images/R-5317794-1395956382-3962.jpeg.jpg
296,YON11,Follow You Home,Heat,64,79,54,65,65.5,https://img.discogs.com/m_DnY7d8gXP4CmPmIKUn7_5jfTo=/fit-in/150x150/filters:strip_icc():format(jpeg):mode_rgb():quality(40)/discogs-images/R-2307245-1510493974-5402.jpeg.jpg
297,YON18,Rise,Herb Alpert,38,50,42,45,43.75,https://i.scdn.co/image/8fc70afa980a338a2a70d30f00281abe7194174e
298,YON49,I Get It From You,Herb Alpert,59,60,48,53,55,https://i.scdn.co/image/6dbcc3b4d05fba49e2341e0d6a12c7b40d90ffba
299,BYR54,Paradise,Herbie Hancock,81,84,72,75,78,https://i.scdn.co/image/e38161c50620dba75d19ddef1bbc4c32ee6e2b5a
300,YON35,Say Goodbye,Hiroshi Satoh,46,50,41,32,42.25,https://img.discogs.com/6opO0j9wDwytvPO6rR7jFLNJoio=/fit-in/150x150/filters:strip_icc():format(jpeg):mode_rgb():quality(40)/discogs-images/R-3209030-1536893211-1692.jpeg.jpg
301,YON16,Some Children,Holy Ghost!,30,41,22,20,28.25,https://i.scdn.co/image/028f944402b2571fee97d9af2539dbb5842983cc
302,YON41,So You Win Again,Hot Chocolate,44,36,36,43,39.75,https://i.scdn.co/image/4038f0a7c99dee70f328af579c33bb445c53fd71
303,YON68,Rock The Boat,Hues Corporation,28,9,21,14,18,https://i.scdn.co/image/54253638f8ab68899d0b75e05d874bebad73a361
304,YON02,Stuck With You,Huey Lewis & the News,10,5,8.3,15,9.575,https://i.scdn.co/image/fe79f1439190d373a00aae4eb0f6412c265afff1
305,YON21,Do You Believe In Love,Huey Lewis & the News,25,29,13,27,23.5,https://i.scdn.co/image/ba381613a8079eb7f1b6c4fb76d6439d41836735
307,YON38,Shake It,Ian Matthews,40,39,37,38,38.5,https://i.scdn.co/image/ac191d591c47bb1b2c6037162a9632d846dd39cf
306,YON08,Gimme an Inch Girl,Ian Matthews,55,58,40,42,48.75,https://i.scdn.co/image/61893965f1af8ab9a397c0ffe6be0512fe09d876
309,YON29,Hold On,Ian Thomas,32,30,32,30,31,https://i.scdn.co/image/926d539cc450430d914c061afc7e7c723d3ac460
308,YON27,I Am the One,Ian Thomas,78,69,61,72,70,https://i.scdn.co/image/926d539cc450430d914c061afc7e7c723d3ac460
310,YON45,Any Good Time At All,Imperials,45,56,63,49,53.25,https://i.scdn.co/image/caa3721f5cd1efb6dd24534fa29e9ff8f5238310
311,YON22,All I Need,Jack Wagner,22,28,12,25,21.75,https://i.scdn.co/image/0498caa0fbefd15f71a561d22471b37044bc8fe6
313,YON70,Running On Empty,Jackson Browne,35,23,23,25,26.5,https://i.scdn.co/image/eae834656b83bd6bef8710e984fbb6e31df87157
312,YON24,Somebody's Baby,Jackson Browne,60,51,40,48,49.75,https://i.scdn.co/image/52fd42107e5a4a91d7dd5f2a4ab3fcfaa7679aa7
314,YON50,Old Jack Magnet,Jakob Magnusson,55,50,58,52,53.75,https://img.discogs.com/RVuh3sJ3uzlqu1ISnOAifATtVpo=/fit-in/150x150/filters:strip_icc():format(jpeg):mode_rgb():quality(40)/discogs-images/R-5544908-1485760223-5160.jpeg.jpg
315,YON10,Yah-Mo Be There,James Ingram & Michael McDonald,71,90,77,75,78.25,https://img.discogs.com/wXgpBtzNChPkuxCSdnP7K0czF0A=/fit-in/150x150/filters:strip_icc():format(jpeg):mode_rgb():quality(40)/discogs-images/R-1449650-1351089650-8115.jpeg.jpg
317,YON09,Her Town Too,James Taylor,31,29,17,28,26.25,https://i.scdn.co/image/38bc438a1eab94d9baa7df7e94c2e9ce61679014
316,YON08,Your Smiling Face,James Taylor,55,52,38,37,45.5,https://i.scdn.co/image/d59508acb365d35635329f5b26176e65c8520def
318,YON37,Space Cowboy,Jamiroquai,38,41,40,22,35.25,https://i.scdn.co/image/05d0c1ee0dcccc3c63f7b8a815b3a188d1207c20
319,YON33,She's So Divine,Jan Akkerman,39,34,40,42,38.75,https://i.scdn.co/image/f0989d9d2352903591cf463c8e6d60b0c1f5a73d
320,BYR37,Scene 29,JaR,48,52,52,48,50,https://i.scdn.co/image/4c91e1a0242cfde2a9229fad974b84368ffb72b4
322,YON07,Love is Cold,Jay Ferguson,15,8,15,15,13.25,https://i.scdn.co/image/c72fe698eb1ad531175975513f7c73459d3ca864
323,YON39,Shakedown Cruise,Jay Ferguson,15,20,20,15,17.5,https://i.scdn.co/image/96fabb7471df427d15d0a51422ba4285a539229b
321,YON07,Thunder Island,Jay Ferguson,55,35,30,60,45,https://i.scdn.co/image/c72fe698eb1ad531175975513f7c73459d3ca864
324,BYR62,Can't Hide Love,Jaye P. Morgan,55,54,59,62,57.5,https://i.scdn.co/image/a2d0bdbed5c11d62b14518d9c7f0790f9a691434
325,YON57,Come Dancing,Jeff Beck,35,28,31,25,29.75,https://i.scdn.co/image/4a0d27e06ba53eb12f2c235377e53f429672d0c6
326,YON43,Its a Fact,Jeff Lorber,59,62,64,52,59.25,https://i.scdn.co/image/eddb8d4c4b9eba141989f3c0acd6dfc4665d1175
328,YON13,Runaway,Jefferson Starship,18,6,4,5,8.25,https://i.scdn.co/image/90430574cdb1173d75c8cf6ac25a213375c48829
327,YON04,Miracles,Jefferson Starship,42,46,38,35,40.25,https://i.scdn.co/image/e642e8223469714b42f1ff5b264b92b1616ae86a
329,YON40,New Love,Jeffrey Osborne,76,79,73,72,75,https://i.scdn.co/image/eec02d1b92c15e3fd6d3166b1f7673a427a6dcca
330,YON69,When the Feeling Comes Around,Jennifer Warnes,25,19,38,28,27.5,https://i.scdn.co/image/1407bba1d14d25a09a3e137aed7884728a9bee1e
331,YON41,Let's Get Serious,Jermaine Jackson,17,25,14,12,17,https://i.scdn.co/image/2c64c26f98080e1b29e71c50f11c6649c74fb08f
332,YON57,You Like Me Don't You,Jermaine Jackson,75,58,63,65,65.25,https://i.scdn.co/image/600122e438322e531055b19e931fdd3764e8e90a
333,YON10,Slow and Easy,Jesse Colin Young,35,50,36,25,36.5,https://i.scdn.co/image/5843f9f410e4cf9c426b1aa05982096e1c51513a
334,YON32,Fire On The Water,Jesse Colin Young,61,68,64,58,62.75,https://img.discogs.com/U47roFClqzk-IPcKTS_hbuGHDQU=/fit-in/150x150/filters:strip_icc():format(jpeg):mode_rgb():quality(40)/discogs-images/R-3895147-1348420878-8528.jpeg.jpg
335,YON18,That's Love,Jim Capaldi,33,29,35,30,31.75,https://i.scdn.co/image/c7d6126127468c8e3791a56b85bb8561c90a0b2b
338,YON08,We Were Meant to Be Lovers,Jim Photoglo,30,43,73,25,42.75,https://i.scdn.co/image/a092347f863690e84b64874565e1859a9a215396
336,BYR46,Steal Away,Jim Photoglo,55,70,77,60,65.5,https://img.discogs.com/AQhY8Ef_jaliae_WNk2PYiTFCCc=/fit-in/150x150/filters:strip_icc():format(jpeg):mode_rgb():quality(40)/discogs-images/R-1406441-1376254180-3225.jpeg.jpg
337,BYR57,Fool In Love With You,Jim Photoglo,85,90,89,89,88.25,https://i.scdn.co/image/a092347f863690e84b64874565e1859a9a215396
339,YON22,Margaritaville,Jimmy Buffett,5,3,2,1,2.75,https://i.scdn.co/image/f0f3d9ec80f74294127b470ea176151cceed7619
340,BYR41,I'm Happy That Love Has Found You,Jimmy Hall,78,82,80,84,81,https://img.discogs.com/ek7GpNH2P7IxTFw3GAZ4QJrif3c=/fit-in/150x150/filters:strip_icc():format(jpeg):mode_rgb():quality(40)/discogs-images/R-5590160-1397403926-7384.jpeg.jpg
342,YON19,New and Different Way,Jimmy Messina,72,56,53,45,56.5,https://i.scdn.co/image/9989d5cfc619cee30faa37c34a814b1fe67b0430
341,BYR85,We Got to Get Back,Jimmy Messina,59,59,63,61,60.5,https://img.discogs.com/NyOX2mjR-BxnPfYfDQ6muYzFyYQ=/fit-in/150x150/filters:strip_icc():format(jpeg):mode_rgb():quality(40)/discogs-images/R-2425918-1283377679.jpeg.jpg
343,YON57,Money Alone,Jimmy Messina,72,53,68,59,63,https://img.discogs.com/89lGFxLgJGG-qYHDfrr7QVnm-hg=/fit-in/300x300/filters:strip_icc():format(jpeg):mode_rgb():quality(40)/discogs-images/R-2815049-1328528084.jpeg.jpg
344,YON15,Ginny's Song,Jimmy Thudpucker,51,42,56,45,48.5,https://img.discogs.com/pwXu2p4uxfQdVs5S5-t2hiuMmkA=/fit-in/150x150/filters:strip_icc():format(jpeg):mode_rgb():quality(40)/discogs-images/R-8808544-1536958509-9842.jpeg.jpg
345,YON17,I'll Be That Friend,Jodie Abacus,20,31,34,25,27.5,https://i.scdn.co/image/ee7f5da8d82bb837717c087d60b2a0bb0ba216c8
346,YON26,So Good So Right,Joe Cocker,59,54,43,44,50,https://i.scdn.co/image/af480d307d285fdee348d9a634c15846d0dac2e0
347,YON17,Steppin Out,Joe Jackson,41,41,20,40,35.5,https://i.scdn.co/image/84953083c55949b8826eb6fd115191f519bbd16b
348,YON21,In All My Wildest Dreams,Joe Sample,20,30,20,27,24.25,https://i.scdn.co/image/2da88ffac2873d85b3fa367ea869121bb3fc34fa
349,YON63,"Theme from ""Greatest American Hero"" (Believe It Or Not)",Joey Scarbury,52,49,65,59,56.25,https://i.scdn.co/image/ba4c7a17328cf5ab110eec437753e6af51f828e9
350,YON31,Gimme Your Love,John Denver,28,13,16,17,18.5,https://i.scdn.co/image/1bfd8669b341457468bb39b2534cad1bcaa13be3
351,BYR51,Love You Like I Never Loved You Before,John O'Banion,77,79,85,85,81.5,https://img.discogs.com/aebMZPDk0WROX9oCECtK3L0Od0I=/fit-in/150x150/filters:strip_icc():format(jpeg):mode_rgb():quality(40)/discogs-images/R-738928-1431758532-3399.jpeg.jpg
352,YON38,St. Elmo's Fire,John Parr,39,36,24,42,35.25,https://i.scdn.co/image/b40a93ef79fdda0ca56f035865cd2032fe59738b
353,YON26,Simple,Johnny Mathis,65,68,73,57,65.75,https://i.scdn.co/image/7c98178474e023600d985a0173909eaaef032e34
354,YON27,Without Us,Johnny Mathis & Deniece Williams,75,60,55,52,60.5,https://i.scdn.co/image/4bfed8bd618a8b9786e4c33ada000385523853d3
355,YON12,I Can See Clearly,Johnny Nash,9,22,5,12,12,https://i.scdn.co/image/6ecc87d0524781bf9da741004b29ebc37a29d634
356,BYR33,Hold On To Love,Jon Anderson,53,46,48,49,49,https://i.scdn.co/image/5b3df3d4ef8847596349cee787cf8aea56f254cf
357,YON46,Ladies Man,Joni Mitchell,24,29,28,26,26.75,https://i.scdn.co/image/cea6ba9d4abccd2b85c9c626541b5e8bfb81c7b2
358,YON44,Walks Like A Lady,Journey,13,10,18,15,14,https://i.scdn.co/image/842e8d6bff92bcb752730872421c56e36fc84d6f
359,YON28,The Hurt,Kalapana,40,49,47,48,46,https://i.scdn.co/image/fcc09d5b81f876533a8163836cc1b7a07a2247b4
360,YON03,All I Wanted,Kansas,9,3,0.8,3,3.95,https://i.scdn.co/image/4e78639c8e5f7d761dd8785050d7ca11310c3e36
361,YON66,I've Been Played The Fool Again,Karizma,79,85,86,82,83,https://i.scdn.co/image/36cf6f3d19cfa83344cf43c886bf7d6dded68c65
362,YON31,Personally,Karla Bonoff,48,50,45,48,47.75,https://i.scdn.co/image/cf45fa21f33e41cc6096882e49b354f3fa0d8019
363,YON38,Edgartown Groove,Kashif,35,31,24,28,29.5,https://i.scdn.co/image/94f740c7af53b78eb56a7f423007b41371b6d4df
364,YON55,Blame It On The One,Kelly Willard,83,85,77,80,81.25,https://i.scdn.co/image/49731746e074cd4a29be537180939e33691e3dfd
369,YON10,Sweet Reunion,Kenny Loggins,52,49,39,45,46.25,https://i.scdn.co/image/c9e03223c06e802b5300dae24cfa380a0f97d478
368,YON09,Keep The Fire,Kenny Loggins,65,49,60,42,54,https://i.scdn.co/image/96afdad7610a0d93666ddf30792daf4558c8f78c
366,BYR55,I Gotta Try,Kenny Loggins,85,89,79,80,83.25,https://i.scdn.co/image/58b6ff6aadc35110130c71ddf14d96587d1f37a4
365,BYR42,"Who's Right, Who's Wrong",Kenny Loggins,95,98,96.5,95,96.125,https://i.scdn.co/image/96afdad7610a0d93666ddf30792daf4558c8f78c
367,YON06,This is It,Kenny Loggins,97,99,99,98,98.25,https://i.scdn.co/image/96afdad7610a0d93666ddf30792daf4558c8f78c
370,YON22,Heart to Heart,Kenny Loggins,99,100,100,99.5,99.625,https://i.scdn.co/image/677079bb8d416eae9e796b6303495da92d16cdb7
371,YON17,Whenever I Call You Friend,Kenny Loggins & Stevie Nicks,65,62,82,78,71.75,https://i.scdn.co/image/ea1987301e1fd1fba941cf5d25c39b48d4b8d049
374,YON44,You're My Love,Kenny Rogers,60,59,52,56,56.75,https://i.scdn.co/image/4102780cf592f0cf257c714f7df203a09475a68d
373,BYR82,Somebody Took My Love,Kenny Rogers,75,72,61,64,68,https://i.scdn.co/image/3841fb4e6d5e36682f3f94befb81df0bcd73994e
372,BYR60,Heart To Heart,Kenny Rogers,72,69,67,72,70,https://i.scdn.co/image/3841fb4e6d5e36682f3f94befb81df0bcd73994e
375,YON03,Islands in the Stream,Kenny Rogers & Dolly Parton,40,46,43,30,39.75,https://i.scdn.co/image/834fb72f2f34a7905604723a510026dd3dd22759
376,YON49,Never Gonna Give You Up,Kere Buchanan,59,54,58,62,58.25,https://i.scdn.co/image/22722144a93fea1c3babcc133886dbc2689b71e4
377,YON01,Ain't Nothin' For a Heartache,Kerry Chater,85,95,94,90,91,https://img.discogs.com/lxYz1vZMR8lLzjvbjkPyGtWMIuk=/fit-in/150x150/filters:strip_icc():format(jpeg):mode_rgb():quality(40)/discogs-images/R-2015284-1258655887.jpeg.jpg
378,YON33,Shandi,Kiss,12,28,27,15,20.5,https://i.scdn.co/image/45dea9d4c492a20f5c4b0cb657fff37c6c0ca116
379,YON37,Caravan,Kitaro & Pages,9,15,29,14,16.75,https://img.discogs.com/WVbTfBHWXgTRe2fHPr74vhU5vRY=/fit-in/150x150/filters:strip_icc():format(jpeg):mode_rgb():quality(40)/discogs-images/R-2853387-1304033873.jpeg.jpg
380,YON09,We Know the Way by Heart,Koinonia,42,43,59,30,43.5,https://i.scdn.co/image/a8e05e35eab1efcb65ed728122c396b72904b3e8
381,YON34,Too Hot,Kool & the Gang,58,52,51,58,54.75,https://i.scdn.co/image/98e8991caa27858c9eff75db41b129d19cd58cb6
382,YON24,On The Run,Lake,17,15,10,12,13.5,https://i.scdn.co/image/e0d4547de2dbe56792f500270678ab1b107f6966
383,YON29,Where Did You Come From,Larry Carlton,55,68,63,62,62,https://i.scdn.co/image/74efdb5e954a9458bef25fde609914bd9750fb07
384,YON44,Room 335,Larry Carlton,80,67,59,72,69.5,https://i.scdn.co/image/c8df92e86c8c486e444aae01d02ff40673d13965
385,YON58,Sleep On It,Larry John McNally,60,62,66,62,62.5,https://img.discogs.com/BlLB_cYBeHcV6nkbCtLIFh07NeY=/fit-in/150x150/filters:strip_icc():format(jpeg):mode_rgb():quality(40)/discogs-images/R-3462413-1387882214-3430.jpeg.jpg
386,BYR56,Don't Talk,Larry Lee,90,88,88,89,88.75,https://img.discogs.com/CefYlpWNIFkG6OLlaHpOS0uzpuM=/fit-in/150x150/filters:strip_icc():format(jpeg):mode_rgb():quality(40)/discogs-images/R-109560-1273955722.jpeg.jpg
387,YON14,Part Time Love,Larry Wilcox,70,64,39,50,55.75,https://img.discogs.com/Zm_LFysbDWJr1QHdt2y3b8PMJwM=/fit-in/150x150/filters:strip_icc():format(jpeg):mode_rgb():quality(40)/discogs-images/R-8856959-1470214262-6315.jpeg.jpg
388,YON45,Who'll Be the Fool Tonight,Larsen/Feiten Band,90,91,93,90,91,https://i.scdn.co/image/5d475e156132fbb5b2b3eb3c4a111012e0e33243
389,YON43,Please Don't Leave,Lauren Wood,91,93,86,83,88.25,https://i.scdn.co/image/f7180c6aba29324b3e3d394177d3490c6a950aad
390,YON12,Fool in the Rain,Led Zeppelin,5,1,0,3,2.25,https://i.scdn.co/image/a6e74c01c728cc5d35722b222575a132be171755
394,YON18,The Captain's Journey,Lee Ritenour,29,33,21,35,29.5,https://i.scdn.co/image/aa7d2f3dc6871fc0d59be1aa94ff1daa4b8bcea4
392,BYR67,You Make Me Feel Like Dancing,Lee Ritenour,42,50,40,51,45.75,https://i.scdn.co/image/f0327d748a3e7300182bf183d38124bf9e816dbf
391,BYR65,Sunset Drivers,Lee Ritenour,65,66,67,62,65,https://i.scdn.co/image/361315a151c37c4d46876f460956453b31fa7b84
393,YON16,Cross My Heart,Lee Ritenour,85,81,63,65,73.5,https://i.scdn.co/image/8e4e88fd31cc6fefd3a5cfa7a4e58526320640bc
395,YON22,"Promises, Promises",Lee Ritenour,71,86,75,75,76.75,https://i.scdn.co/image/8e4e88fd31cc6fefd3a5cfa7a4e58526320640bc
397,YON44,Is It You,Lee Ritenour,78,84,74,75,77.75,https://i.scdn.co/image/7b1e19abd362fd4f583d8234f3ff99035df8f588
396,YON42,Mr. Briefcase,Lee Ritenour,87,81,85,82,83.75,https://i.scdn.co/image/7b1e19abd362fd4f583d8234f3ff99035df8f588
399,YON66,Can I Touch You There,Leon Ware,63,67,58,55,60.75,https://i.scdn.co/image/8e14ecec351abf8992e1ec1216fa04c10e25f643
398,YON58,Slippin Away,Leon Ware,69,70,79,75,73.25,https://i.scdn.co/image/8e14ecec351abf8992e1ec1216fa04c10e25f643
400,YON28,Nothin' You Can Do About It,Leslie Smith,70,80,70,79,74.75,https://img.discogs.com/8ehf2p3MPp_7kR6HxxDwosxEb-0=/fit-in/150x150/filters:strip_icc():format(jpeg):mode_rgb():quality(40)/discogs-images/R-4686873-1394836356-3420.jpeg.jpg
401,YON49,Fool That I Am,Libby Titus,39,31,37,33,35,https://i.scdn.co/image/bd189e6991b00d74b54049789d16cec5da6fec84
402,YON09,Minnesota,Lil Yachty,6,16,6,9,9.25,https://i.scdn.co/image/7125676f8edfefb09f008584229a6b8897736d23
404,YON61,Easy For You To Say,Linda Ronstadt,39,37,38,30,36,https://i.scdn.co/image/1e1b0075775f73a153fac948fe32df021dab9626
403,YON53,Hurts So Bad,Linda Ronstadt,45,46,38,42,42.75,https://i.scdn.co/image/a0501e580a8b0760f47e5fd948256d8c85774ca2
405,YON13,Love Will Conquer All,Lionel Richie,58,61,56,65,60,https://i.scdn.co/image/fe98039ccb011aa252a693de251e019b9831b507
406,YON34,All Night Long,Lionel Richie,91,49,45,59,61,https://i.scdn.co/image/2888f398c13fe354a33edbffdc9e598fae56a3b3
407,YON69,Running with the Night,Lionel Richie,83,80,74,86,80.75,https://i.scdn.co/image/2888f398c13fe354a33edbffdc9e598fae56a3b3
408,BYR60,Red Streamliner,Little Feat,57,61,57,58,58.25,https://i.scdn.co/image/e3053cc072b31aa7ae65fb1a5657edc29262e138
410,YON01,Lady,Little River Band,20,34,30,18,25.5,https://i.scdn.co/image/29af773340218d869a93e7208d1809a59cb95588
412,YON69,Cool Change,Little River Band,19,32,48,23,30.5,https://i.scdn.co/image/52848f523f49924711237c8f273e6b3a18eee071
409,YON62,Take It Easy On Me,Little River Band,38,35,33,29,33.75,https://i.scdn.co/image/cd398b70b51244c41b460f026af62ebdf9d095aa
411,YON06,Reminiscing,Little River Band,48,61,58,40,51.75,https://i.scdn.co/image/29af773340218d869a93e7208d1809a59cb95588
413,YON70,Vahevala,Loggins & Messina,40,30,40,40,37.5,https://i.scdn.co/image/64082e23ecd00c6f428c5702403d7c8383c4eaf3
414,YON20,Brandy,Looking Glass,32,40,33.3,42,36.825,https://i.scdn.co/image/c0f59d5d4f0efbc971cf2904304469f1fad05fa4
415,YON43,The White Whale,Los Colognes,5,8,23,12,12,https://i.scdn.co/image/35d836e8392a7f6151244aeb8776b95a4f54fa1f
416,YON22,Never Too Much,Luther Vandross,46,53,58,62,54.75,https://i.scdn.co/image/c3f8b56d65efc801762ef8d69c1d7775d9cf3222
417,YON06,Walkway Blues,M83,8.5,15,27,10,15.125,https://i.scdn.co/image/ca3935072365013de8885134b2b01a9ebdc68989
418,YON65,Moon Crystal,M83,39,49,52,35,43.75,https://i.scdn.co/image/ca3935072365013de8885134b2b01a9ebdc68989
419,YON18,First Light,Makoto Matsushita,46,53,59,45,50.75,https://img.discogs.com/h6P3QgPtLp_GAPaogxqXzwHBr-c=/fit-in/150x150/filters:strip_icc():format(jpeg):mode_rgb():quality(40)/discogs-images/R-4864049-1377851566-9147.jpeg.jpg
423,YON31,Survival,Marc Jordan,62,47,44,49,50.5,https://i.scdn.co/image/05f68d0df86b4f4cd8fba9364850736430caf9b3
422,YON04,Marina Del Rey,Marc Jordan,88,79,83,70,80,https://i.scdn.co/image/05f68d0df86b4f4cd8fba9364850736430caf9b3
420,BRC01,Beautiful People,Marc Jordan,85,74,85,82,81.5,https://i.scdn.co/image/f28dcd0246b684e511d1fa5dd383791e7f3cdbe7
421,BYR28,Margarita,Marc Jordan,91,90,84,78,85.75,https://i.scdn.co/image/6eef7071c476ce582b3aec66303404994851c7ff
424,YON49,Nao Pode Ser Qualquer Mulher,Marcos Valle,43,46,39,38,41.5,https://i.scdn.co/image/0fc77f4ed01f72fa25e6dea1ff014a75b634f3d4
425,YON62,Estrelar,Marcos Valle,34,50,58,43,46.25,https://i.scdn.co/image/3a978fec85105baf5c5727a6e7de2dc083668cd7
426,YON05,Midnight at the Oasis,Maria Muldaur,17,30,16,20,20.75,https://i.scdn.co/image/b4da8ce4e6d5f80c66337a166b3a5c3da348a21b
427,YON56,Hearts,Marty Balin,44,56,53,45,49.5,https://i.scdn.co/image/62195144fc04eb50613d8dcfbe611500cd257a69
428,YON48,Silly Crush,Masaki Matsubara,62,72,81,75,72.5,https://i.scdn.co/image/26f1e0cfe362695f22d3271c30fa23a668d7c894
429,YON27,Break My Stride,Matthew Wilder,25,33,3,25,21.5,https://i.scdn.co/image/1ee17381c666de22384c0526520d1924449d6803
430,BYR60,You,Max Gronenthal,65,71,65,57,64.5,https://img.discogs.com/h7Z-lMOXPrZ9aqvIj_qQXD_kCrE=/fit-in/300x300/filters:strip_icc():format(jpeg):mode_rgb():quality(40)/discogs-images/R-2852956-1332278587.jpeg.jpg
432,YON43,Your Imagination,Maxus,75,80,85,81,80.25,https://i.scdn.co/image/be32546e74235032b91666d109da0f0c2a0fa95e
431,BYR04,Nobody's Business,Maxus,98,91,95,94,94.5,https://i.scdn.co/image/be32546e74235032b91666d109da0f0c2a0fa95e
433,YON37,We Are One,Maze,31,40,34,31,34,https://i.scdn.co/image/7cf3de2fdb44fd65aa60189a98582ad72386311b
434,YON65,Golden Time of Day,Maze,44,41,38,44,41.75,https://i.scdn.co/image/6e4cb836fb5e3848069806ba16ee81ef1afb314f
435,YON48,Alcohol,McGruff the Crime Dog,55,91,40,58,61,http://s3.crackedcdn.com/phpimages/article/3/6/3/275363_v1.jpg
437,YON37,You Should Hear How She Talks About You,Melissa Manchester,37,51,36,42,41.5,https://i.scdn.co/image/d6763ba1062b83d6807fd62ecd89ecff810c48e4
436,BYR70,Looking for the Perfect Ahh,Melissa Manchester,82,65,61,59,66.75,https://i.scdn.co/image/d6763ba1062b83d6807fd62ecd89ecff810c48e4
442,YON54,Mr. Smooth,Michael Franks,30,34,36,28,32,https://i.scdn.co/image/c984ce082f48007bb2b3f85e1dc8bb27654a8a6f
440,YON33,Face To Face,Michael Franks,35,45,37,40,39.25,https://i.scdn.co/image/301f5cf4e19b5f2278fdcdc9eb4cf97c92445382
441,YON34,Your Secrets Safe With Me,Michael Franks,55,57,54,60,56.5,https://i.scdn.co/image/4bff272c2484027585bbf06289346acdece4f50e
438,BYR70,Jealousy,Michael Franks,61,63,59,56,59.75,https://i.scdn.co/image/b6d572a724472b9e523b5ed5bb05e868f3860e96
439,YON07,Now That Your Joystick's Broke,Michael Franks,60,71,60,55,61.5,https://i.scdn.co/image/849d2a85d759d7979e14289ae6a152b5ab9c966c
444,YON17,Rock with You,Michael Jackson,70,51,62,73,64,https://i.scdn.co/image/cafda5ec1191dc7423406cd2779eea004e36d3eb
443,YON17,It's the Falling in Love,Michael Jackson,83,59,68,75,71.25,https://i.scdn.co/image/cafda5ec1191dc7423406cd2779eea004e36d3eb
445,YON36,Baby Be Mine,Michael Jackson,89,94,85,88,89,https://i.scdn.co/image/1dcda349e3e10f66cb61b6574afde6da31d80fa6
446,YON40,Human Nature,Michael Jackson,92,99,97,94,95.5,https://i.scdn.co/image/d50dab8e3338d47ddc84195a0779b6b80704f8c5
447,YON48,The Girl is Mine,Michael Jackson & Paul McCartney,88,74,63,78,75.75,https://i.scdn.co/image/0bae7727a95e222cac3f73fffc2e07796425dd23
448,YON63,Right Through the Heart,Michael Johnson,78,69,71,65,70.75,https://img.discogs.com/tkH3Z00JZQReEe_H0xIy3tOpXIY=/fit-in/150x150/filters:strip_icc():format(jpeg):mode_rgb():quality(40)/discogs-images/R-2663027-1472242583-2469.jpeg.jpg
449,BRC01,Find It In Your Heart,Michael McDonald,18,34,47,27,31.5,https://i.scdn.co/image/029d346dba4a2543970786f444b1b5f3918ee8a3
450,BYR10,No Lookin' Back,Michael McDonald,60,61,60,67,62,https://i.scdn.co/image/60c3eac8e8581257cae93da93c8e7cc02c7b5c97
453,YON16,Sweet Freedom,Michael McDonald,64,78,92,74,77,https://i.scdn.co/image/f7b6561f1718eff191da5349b851d6dc753b0778
451,BYR55,I Gotta Try,Michael McDonald,95,85,81,92,88.25,https://i.scdn.co/image/4c195db09289a74e783cd33529dc6751be2795ec
452,YON12,I Keep Forgettin,Michael McDonald,99,100,98,97,98.5,https://i.scdn.co/image/4c195db09289a74e783cd33529dc6751be2795ec
455,YON03,Maniac,Michael Sembello,20,17,10,5,13,https://i.scdn.co/image/740b80d97474cf1efeb7f8d26cd82f67e8ea4e9a
454,BYR86,Lay Back,Michael Sembello,59,72,67,53,62.75,https://img.discogs.com/8V6XWceXL-_JC4RG0lzgqV0hFuQ=/fit-in/150x150/filters:strip_icc():format(jpeg):mode_rgb():quality(40)/discogs-images/R-2300924-1522009276-8963.jpeg.jpg
456,YON51,Hill Street Blues Theme,Mike Post & Larry Carlton,42,47,43,49,45.25,https://i.scdn.co/image/9c961ee21108ff21b98295d3b51e7783f7a6f959
457,YON65,Island In the Sun,Minnie Riperton,54,41,59,48,50.5,https://i.scdn.co/image/2f73dd5df67d4703286a3b17faf3c095df4735ab
458,YON60,The Awakening,Narada Michael Walden,55,58,63,49,56.25,https://i.scdn.co/image/abdaceb520c04504f16acf382de0a6e89e098645
460,YON10,To Prove My Love,Ned Doheny,55,43,42,60,50,https://i.scdn.co/image/ac210686217c293db28eb057b784bc58faf87c83
459,YON03,Get It Up For Love,Ned Doheny,76,81,72,60,72.25,https://i.scdn.co/image/04b60abe782902508540858b018bbec91a10202a
461,YON05,Heartlight,Neil Diamond,60,62,38,45,51.25,https://i.scdn.co/image/a51d7e4b6205114fc88b7c4321af1ed283e1d3f8
462,YON11,Mr. Telephone Man,New Edition,49,43,38,35,41.25,https://i.scdn.co/image/bbe46338c6be98ce05cf2ade55a63d3eb0678db0
463,YON64,Ducktales,Nick Nadel,30,31,28,25,28.5,
464,YON23,Lotta Love,Nicolette Larson,65,54,63,58,60,https://i.scdn.co/image/7b739333eec0368b87982ff2d7e75e6535ec9411
466,YON61,Isn't It Always Love,Nicolette Larson,62,63,65,68,64.5,https://img.discogs.com/KAc0dpr5LndlxuQYY9d9lRWCfNc=/fit-in/150x150/filters:strip_icc():format(jpeg):mode_rgb():quality(40)/discogs-images/R-1718590-1411931474-9970.jpeg.jpg
465,YON53,"Let Me Go, Love",Nicolette Larson,83,87,81,79,82.5,https://i.scdn.co/image/a12a8dd33db2bbbc6688c4366984b44fe085a8ad
468,YON53,Hasty Heart,Nielsen/Pearson,83,86,87,90,86.5,https://img.discogs.com/_gqAxDtzXBWbhaBOCfu02Utne3M=/fit-in/150x150/filters:strip_icc():format(jpeg):mode_rgb():quality(40)/discogs-images/R-2441949-1284266203.jpeg.jpg
467,YON22,If You Should Sail,Nielsen/Pearson,92,90,95,88,91.25,https://img.discogs.com/xe-lywhceGLKWWOn-ffNfGfWggc=/fit-in/150x150/filters:strip_icc():format(jpeg):mode_rgb():quality(40)/discogs-images/R-1488416-1223449611.jpeg.jpg
469,YON35,Ocean Bay,Nightshift,49,55,52,38,48.5,https://i.scdn.co/image/bb1d79df162db148cb97917d463a6db4cab5a107
472,YON08,Sad Songs,Olivia Newton-John,15,18,17,13,15.75,https://i.scdn.co/image/64f0a9b75f2b32c22ae211c3f0b36da0add06025
475,YON27,Physical,Olivia Newton-John,45,59,22,35,40.25,https://i.scdn.co/image/e47c61c9ac7a268d967bfc9fdd9e18b429997497
471,YON63,Deeper Than The Night,Olivia Newton-John,42,49,48,50,47.25,https://i.scdn.co/image/98660a78484980e33193cf1e397761a5065cf582
474,YON36,Make A Move On Me,Olivia Newton-John,42,56,46,48,48,https://i.scdn.co/image/e47c61c9ac7a268d967bfc9fdd9e18b429997497
473,YON16,Talk to Me,Olivia Newton-John,60,52,47,40,49.75,https://i.scdn.co/image/98660a78484980e33193cf1e397761a5065cf582
479,YON69,Dance with Me,Orleans,17,10,22,12,15.25,https://i.scdn.co/image/c02507abc7ac2209190ac2a2242fc6566eceb7ea
478,YON61,Still the One,Orleans,20,39,40,26,31.25,https://i.scdn.co/image/4eb4c6205dd467e747307108d4718501cdaf0a4e
476,YON28,Reach,Orleans,40,45,38,35,39.5,https://i.scdn.co/image/435f74b8988d4403c4e5ba169c1ba990f38b3ff1
477,YON61,Love Takes Time,Orleans,79,59,66,65,67.25,https://i.scdn.co/image/dca13c3ee010339c857521b2deea87f90d276210
480,YON13,Jackie Blue,Ozark Mountain Daredevils,9,38,16,12,18.75,https://i.scdn.co/image/3e804c0e2fe416839545a6ff021200dfeb46d193
483,YON45,Whatcha Gonna Do,Pablo Cruise,75,71,67,63,69,https://i.scdn.co/image/115bfc2a2534f7d308f9b0780fff96e3fa59b82e
481,BYR63,Paradise (Let Me Take You Into),Pablo Cruise,82,74,69,71,74,https://i.scdn.co/image/e672d52176991c32d31ea3bc7c9780da83038ba7
482,YON38,Love Will Find A Way,Pablo Cruise,91,90,92,91,91,https://i.scdn.co/image/d40737aacb1e28df821512a229c3db4f40e68f91
487,YON39,Let It Go,Pages,51,53,56,58,54.5,https://i.scdn.co/image/48d82ca71d038f6aee1a702ae2ff0b06f9f69246
484,BYR50,The Sailor's Song,Pages,55,56,66,55,58,https://i.scdn.co/image/b1fb425111c884093a699e542dafb884ecdc0d66
488,YON57,If I Saw You Again,Pages,56,69,74,68,66.75,https://i.scdn.co/image/48d82ca71d038f6aee1a702ae2ff0b06f9f69246
485,YON07,O.C.O.E. (Official Cat of the Eighties),Pages,89,78,86,80,83.25,https://i.scdn.co/image/79f01c907fd6578598d9d770ca4fb6ed0b4e86db
486,YON28,You Need a Hero,Pages,93,89,91,87,90,https://i.scdn.co/image/79f01c907fd6578598d9d770ca4fb6ed0b4e86db
489,YON49,Remind Me,Patrice Rushen,42,47,44,45,44.5,https://i.scdn.co/image/095dbffa9d7d08769fd44d08371d73586ac50b32
490,YON13,So Wrong,Patrick Simmons,18,38,21,25,25.5,https://i.scdn.co/image/6dfe2e528088572a83566b0612cd2d867233cf9b
491,YON43,Why You Givin Up,Patrick Simmons,46,59,58,48,52.75,https://i.scdn.co/image/6dfe2e528088572a83566b0612cd2d867233cf9b
493,BYR79,Every Home Should Have One,Patti Austin,80,81,78,82,80.25,https://i.scdn.co/image/87b52a80c393e734c01b8d3fd5ae18d51310b776
492,BYR58,Do You Love Me,Patti Austin,85,73,87,82,81.75,https://i.scdn.co/image/87b52a80c393e734c01b8d3fd5ae18d51310b776
494,YON08,Baby Come to Me,Patti Austin & James Ingram,90,91,92,91,91,https://i.scdn.co/image/7fe8f753dfce14b0f129683ed6f7307243ffc121
495,YON09,On My Own,Patti LaBelle & Michael McDonald,45,51,54,35,46.25,https://i.scdn.co/image/57e65825b172a37e62acf29232f335a31d2f3724
496,YON20,Second Chance,Paul Anka,87,85,80,85,84.25,https://img.discogs.com/-CxvzO6-rr39vexbW_MBjq3IcTo=/fit-in/150x150/filters:strip_icc():format(jpeg):mode_rgb():quality(40)/discogs-images/R-5176256-1418059661-7597.jpeg.jpg
497,YON58,Drawn To The Light,Paul Clark,79,85,77,80,80.25,https://i.scdn.co/image/2d208b73817203672851564658f32ea7b6ff92c4
498,YON06,Cool Night,Paul Davis,48,61,53,54,54,https://i.scdn.co/image/b111fd49a6b4edbcaed49c0c03c03eec0ccc0164
499,YON21,Do You Believe In Love,Paul Davis,59,51,56,52,54.5,https://i.scdn.co/image/f798106a3a6627c65026f74c0d98e6113c5b1204
501,YON70,Seeing Is Believing,Paulinho Da Costa,74,73,68,64,69.75,https://i.scdn.co/image/32964e0408c9c289df9e29b6d48c89452d84ed5b
502,YON42,The Golden Rule Jingle,Per Erik Hallin,52,49,42,42,46.25,https://i.scdn.co/image/64c3b019f371bfefefe489103745427aa087cc21
504,YON14,One Step Over the Borderline,Peter Allen,82,84,83,80,82.25,https://i.scdn.co/image/40411235bebaf0b26feac1663e76f6ecca3267e5
503,BYR70,Bi-Coastal,Peter Allen,87,91,81,78,84.25,https://i.scdn.co/image/40411235bebaf0b26feac1663e76f6ecca3267e5
506,YON68,Show Me the Way,Peter Frampton,3,7,1,7,4.5,https://i.scdn.co/image/057dacc621b9e0976c0303b187ecf29aef3b4d12
505,YON41,Going To L.A.,Peter Frampton,18,28,17,29,23,https://i.scdn.co/image/5fae343b588ece8e2e0465c1d6afa1db05176af2
507,YON21,Fall Break,Peter Yellen,32,16,12,22,20.5,https://img.discogs.com/_5rUVo3WIF9CWONMXOjy-Uy--eA=/fit-in/300x300/filters:strip_icc():format(jpeg):mode_rgb():quality(40)/discogs-images/R-7326711-1438968549-5311.png.jpg
508,YON31,Jamaican Rum,Phil Lynott,25,12,16,15,17,https://img.discogs.com/lIsKLN0sy2cR9OVa9DwZqMw0md8=/fit-in/150x150/filters:strip_icc():format(jpeg):mode_rgb():quality(40)/discogs-images/R-837292-1506246000-1149.jpeg.jpg
509,BYR43,Easy Lover,Phillip Bailey & Phil Collins,55,35,41,70,50.25,https://i.scdn.co/image/52031859065e4fcb360dbd9fadaa2af587909e95
510,YON15,Summer Days,Phoenix,5,6,22,10,10.75,https://i.scdn.co/image/a424cb5cdd3b135f5689b19bde861c06342ef604
513,YON56,Forever,Player,21,47,36,32,34,https://i.scdn.co/image/13412cd340947594621e1c8f2ab4cfbbcc136e4c
511,YON06,Baby Come Back,Player,65,59,62,48,58.5,https://i.scdn.co/image/76c43276dc6b2603c90f8e60085f658ea954104e
512,YON31,Givin' It All,Player,75,62,63,65,66.25,https://i.scdn.co/image/76c43276dc6b2603c90f8e60085f658ea954104e
514,YON18,Piece of Paradise,PM,7,18,8,15,12,https://img.discogs.com/IyAOTCkU-u6hc81Vru46AKcfNew=/fit-in/150x150/filters:strip_icc():format(jpeg):mode_rgb():quality(40)/discogs-images/R-1231496-1202412165.jpeg.jpg
515,YON27,When Love Breaks Down,Prefab Sprout,9,16,13,23,15.25,https://i.scdn.co/image/c66eca533eaef2594572f4a532f6e0c30e15e593
516,YON33,I Feel For You,Prince,25,34,23,28,27.5,https://i.scdn.co/image/12a9af126ebb2be468f72459694d6154c5aea9d8
517,YON59,My Love Is Forever,Prince,72,65,62,68,66.75,https://i.scdn.co/image/e6148a800cdf2d6fdf709b2a3e1e2ccf251cfadd
518,YON69,Let Me Love You Tonight,Pure Prairie League,49,38,49,40,44,https://i.scdn.co/image/a95da2a92fd262518e13d4b7fbfd0f199017d687
519,YON40,Cool Cat,Queen,61,49,53,56,54.75,https://i.scdn.co/image/71fd1290898ec33dff419241bef0b26f3404d414
521,YON07,The Secret Garden,Quincy Jones,28,12,8,30,19.5,https://i.scdn.co/image/2e0fa5645527573bc4a9920411a475ccb34c1270
520,BYR34,One Hundred Ways,Quincy Jones,64,76,75,70,71.25,https://i.scdn.co/image/699d2d483f3d899144387e5833e1845b0ec7a40c
524,YON56,I Took A Chance,Randy Goodrum,12,18,19,31,20,https://i.scdn.co/image/a672d723413a36e865ce12a9424b472dd328cdce
523,BYR15,Fool's Paradise,Randy Goodrum,89,88,82,82,85.25,https://img.discogs.com/1gvtwLMJk9AQ2Pn-dG9EESP_4Y8=/fit-in/150x150/filters:strip_icc():format(jpeg):mode_rgb():quality(40)/discogs-images/R-3650877-1510932430-2186.jpeg.jpg
526,YON70,Miami,Randy Newman,30,33,17,30,27.5,https://i.scdn.co/image/726573d00f3a44408091331988a292442138b4bb
525,YON42,I Love L.A.,Randy Newman,41,34,33,41,37.25,https://i.scdn.co/image/726573d00f3a44408091331988a292442138b4bb
527,BYR85,Christmas Time Is Here,Ray Parker Jr.,85,100,82,87,88.5,https://i.scdn.co/image/e67dadd5d700d23d8ecb53accb89949f05716adf
529,YON20,You Can't Change That,Raydio,84,78,74,78,78.5,https://i.scdn.co/image/abaefe57edbf98f51ee2a8e5b89c673e3cc17d97
530,YON70,Story of My Life,Real Thing,45,50,55,38,47,https://img.discogs.com/juKEOQ11u9Wu2dN91xd9U7JjprQ=/fit-in/150x150/filters:strip_icc():format(jpeg):mode_rgb():quality(40)/discogs-images/R-1023739-1423073018-4827.jpeg.jpg
532,YON27,Float On By,Rhythm Heritage,40,35,37,42,38.5,https://i.scdn.co/image/9addbf2caf8c7020d5d5dc863860a949f54bacec
531,YON14,Skippin',Rhythm Heritage,42,50,40,46,44.5,https://i.scdn.co/image/9addbf2caf8c7020d5d5dc863860a949f54bacec
533,YON28,Stay With Me Tonight,Richard Jon Smith,49,49,40,42,45,https://img.discogs.com/5i_V8ep5hcT28bb1tQ0csurih9k=/fit-in/150x150/filters:strip_icc():format(jpeg):mode_rgb():quality(40)/discogs-images/R-1682571-1236617883.jpeg.jpg
534,YON38,Live It,Richard Simmons,79,91,67,77,78.5,https://img.discogs.com/hrXNDzxDsxh42OgqnR1YfEWxZ00=/fit-in/150x150/filters:strip_icc():format(jpeg):mode_rgb():quality(40)/discogs-images/R-1631515-1352031608-8762.jpeg.jpg
535,YON29,Anything's Possible,Richard Torrance,42,40,39,48,42.25,https://img.discogs.com/6XSqtVGi6GUXjDyIAopPj5gKxSc=/fit-in/150x150/filters:strip_icc():format(jpeg):mode_rgb():quality(40)/discogs-images/R-3105152-1515323486-9333.jpeg.jpg
536,YON32,Your Loss,Rick Bowles,80,76,78,73,76.75,https://img.discogs.com/sXIb7zJITY9_Tp7u-i8XZAr1Qew=/fit-in/150x150/filters:strip_icc():format(jpeg):mode_rgb():quality(40)/discogs-images/R-3713406-1341399727-5757.jpeg.jpg
537,YON38,Mary Jane,Rick James,38,40,34,32,36,https://i.scdn.co/image/645166e92ee543a895c40117e8fe2932a082abcd
538,YON17,Don't Talk To Strangers,Rick Springfield,61,53,56,57,56.75,https://i.scdn.co/image/103a3d9f48b679e9bdc359fe083824ddb8b25bf3
539,YON26,Juke Box Fury,Rickie Lee Jones,51,50,51,48,50,https://i.scdn.co/image/8a6cac9284014f941344848b402f69f0b45f1545
540,YON55,Chuck E's In Love,Rickie Lee Jones,53,55,49,55,53,https://i.scdn.co/image/ba6e074f0dd91b045d9600f2cb873a3872f97b1f
541,YON23,It's No Secret,Ringo Starr,33,33,41,23,32.5,https://i.scdn.co/image/37f48a826a44b88b07a885e73ac40866c866d4a0
544,YON16,Love is a Mystery,Robbie Dupree,60,78,77,70,71.25,https://i.scdn.co/image/413716121d940dbf0ff84a52e5ac62c6b68bd657
545,YON46,Hot Rod Hearts,Robbie Dupree,81,85,86,82,83.5,https://i.scdn.co/image/413716121d940dbf0ff84a52e5ac62c6b68bd657
543,YON04,Steal Away,Robbie Dupree,89,81,85,85,85,https://i.scdn.co/image/413716121d940dbf0ff84a52e5ac62c6b68bd657
542,BYR70,Brooklyn Girls,Robbie Dupree,89,92,84,88,88.25,https://i.scdn.co/image/838f68faef89b3a04b79fd387bcb270e8b371843
546,BYR70,Just Another Notch on the Bedpost,Robert Kraft,85,69,67,76,74.25,https://i.scdn.co/image/d71341e92ca0a4d44dd6a2e8678cfa44e4b62f10
547,YON15,Every Kinda People,Robert Palmer,49,41,38,38,41.5,https://i.scdn.co/image/bbc583c261947a041046a994f543798be558e36f
548,YON19,One Last Look,Robert Palmer,69,61,63,51,61,https://i.scdn.co/image/beb1e7d490aa42ec6706c55930cfb83b9d72cdf3
550,YON05,In the Mood,Robert Plant,5,10,8,15,9.5,https://i.scdn.co/image/6c45249428d050a6c7bc63b53b78388748782836
549,YON05,Big Log,Robert Plant,25,30,22,20,24.25,https://i.scdn.co/image/6c45249428d050a6c7bc63b53b78388748782836
551,YON13,What Am I Gonna Do,Rod Stewart,11,6,5,9,7.75,https://i.scdn.co/image/f887c0d589a0696965ce9c8ed51b55c8498ef181
552,YON34,Get Used To It,Roger Voudouris,89.9,85.1,84,81,85,https://i.scdn.co/image/1cec15ac3676f155178ecd31d0037f25e5cf273d
553,YON51,Steal Your Love Away,Roland Bautista,49,50,41,45,46.25,http://images.45cat.com/roland-bautista-steal-your-love-away-abc-s.jpg
555,YON45,If You Don't Want Me To,Ronnie Milsap,55,59,58,55,56.75,https://i.scdn.co/image/e61f8641d744802feadaccf931428cc9c4f8aed6
554,BYR76,Where Do The Nights Go,Ronnie Milsap,66,54,65,57,60.5,https://i.scdn.co/image/ab963347fb2eb1c78c6395a8f1e05aabf4461533
556,YON15,Interlude,Rosie Vela,37,49,34,35,38.75,https://i.scdn.co/image/32b83d4a48aeb89f753f1ed754b54b8067b70cfb
557,YON31,Magic Smile,Rosie Vela,42,49,43,48,45.5,https://i.scdn.co/image/32b83d4a48aeb89f753f1ed754b54b8067b70cfb
558,BYR10,More Than This,Roxy Music,15,20,20,17,18,https://i.scdn.co/image/5decfb1098eda29a05296f63f1565c7bbf5104cc
559,BYR80,Heaven Bound,Rufus & Chaka,51,52,53,50,51.5,https://i.scdn.co/image/5ca0d5db1bedd8ae2f09c8346f9118a6d37cd814
560,YON13,Run For Your Life,Runner,45,38,34,40,39.25,https://i.scdn.co/image/1ef6b8a4efc4ca1968ca28056d2a10d3110aff21
562,YON35,Lunch Hour,Rupert Holmes,14,23,16.5,6,14.875,https://i.scdn.co/image/3b1272db7153884196e51e3a5c48c7e8f67a8af5
561,BYR10,Escape (The Pina Colada Song),Rupert Holmes,40,43,30,28,35.25,https://i.scdn.co/image/3b1272db7153884196e51e3a5c48c7e8f67a8af5
563,YON38,Answering Machine,Rupert Holmes,49,50,44,37,45,https://i.scdn.co/image/3b1272db7153884196e51e3a5c48c7e8f67a8af5
564,YON46,Him,Rupert Holmes,49,48,60,45,50.5,https://i.scdn.co/image/3b1272db7153884196e51e3a5c48c7e8f67a8af5
566,YON17,Smooth Operator,Sade,51,38,26.5,35,37.625,https://i.scdn.co/image/507f0a1b04cf8138e92ccc80d524383ac12e59c2
565,YON06,Maureen,Sade,51,52,48,48,49.75,https://i.scdn.co/image/a9f7d845c0d8ae6ac1521bd5bc229e7027371566
567,YON27,Lucky Radio,Samuel Purdey,31,40,51,35,39.25,https://i.scdn.co/image/f971c0d8bc1779ea199272378bb2546129db4785
568,YON35,Valerie,Samuel Purdey,51,61,58,62,58,https://i.scdn.co/image/f971c0d8bc1779ea199272378bb2546129db4785
569,BYR60,Nail Me to the Wall,Sanford Townsend Band,55,53,52,62,55.5,https://i.scdn.co/image/0ee1880a95e0686a9faf583d24f795eeb48a07c8
571,YON20,Smoke From a Distant Fire,Sanford Townsend Band,75,76,84,72,76.75,https://i.scdn.co/image/5c60b6643ecf840aa7c3d5a05671278541673fbb
570,YON03,Oriental Gate,Sanford Townsend Band,90,88,87,85,87.5,https://i.scdn.co/image/5c60b6643ecf840aa7c3d5a05671278541673fbb
572,YON21,Winning,Santana,33,31,23,20,26.75,https://i.scdn.co/image/ad3562872a661c52afed9c9b0769a140c9d61291
573,YON45,Fool On The Hill,Sarah Vaughan,51,49,46,47,48.25,https://i.scdn.co/image/4d639976418b5fa2d52cc26f558cbdd36cae011e
574,YON25,Had to Fall,Sea Level,35,33,44,45,39.25,https://i.scdn.co/image/5c6f7f1ccd972dc727523e670f8e0df8c9ad77a3
575,YON51,Living In A Dream,Sea Level,69,68,63,59,64.75,https://i.scdn.co/image/b851cd7c843a2ef1423f26fe52c892c6164a40a0
576,BYR10,Summer Breeze,Seals and Crofts,12,41,15,19,21.75,https://i.scdn.co/image/cddb27b374314e7242a11357aed5cf04939aab37
578,YON14,Stars,Seals and Crofts,59,51,56,45,52.75,https://i.scdn.co/image/32228422e5e9b70c5916be0dba2ea119059af0ab
577,BYR60,If And Any Day,Seals and Crofts,88,74,79,76,79.25,https://i.scdn.co/image/32228422e5e9b70c5916be0dba2ea119059af0ab
580,YON03,Alibis,Sergio Mendes & Joe Pizullo,82,79.5,84,85,82.625,https://i.scdn.co/image/4f566a1d9231116348f25ee1e1313f36cbc56471
582,YON26,Hold My Love,Sex On Toast,12,29,18,20,19.75,https://i.scdn.co/image/e7ad47d38c9ebb937a804817a3a3c444d7b63659
581,YON24,Oh Loretta,Sex On Toast,33,50,52,42,44.25,https://i.scdn.co/image/1b65598567ca29150bc8b49a1a71b940d2e1fee9
579,BYR74,Lie To Me,Shaun Cassidy,62,61,68,55,61.5,https://i.scdn.co/image/60da9d676f03a4fb363daa94abd795e23f90e4de
583,YON32,You Made A Fool,Sherbet,55,55,55,55,55,https://i.scdn.co/image/70563420859eb09f0c5188918cabdbf88fe0f16c
584,YON20,Just To See Her,Smokey Robinson,46,50,36,42,43.5,https://i.scdn.co/image/13676f8075e38d864022954b4618fad6d94d0d33
585,YON58,Being With You,Smokey Robinson,55,51,52,60,54.5,https://i.scdn.co/image/07015ad145b52718f3216c8501c5e2d60c3a1625
586,YON46,Don't Let Me In,Sneaker,54,53,58,58,55.75,https://img.discogs.com/YmjNAAaD8YwcUvhFUioERxcUEoM=/fit-in/150x150/filters:strip_icc():format(jpeg):mode_rgb():quality(40)/discogs-images/R-1763733-1241821510.jpeg.jpg
587,YON17,No More Lonely Days,Sneaker,58,72,85,58,68.25,https://img.discogs.com/YmjNAAaD8YwcUvhFUioERxcUEoM=/fit-in/150x150/filters:strip_icc():format(jpeg):mode_rgb():quality(40)/discogs-images/R-1763733-1241821510.jpeg.jpg
588,YON11,Morning Dance,Spyro Gyra,22,33,12,25,23,https://i.scdn.co/image/17f25b9bc423b681ff4327c594342ea1ebbb89fe
589,YON11,Sweet Baby,Stanley Clarke & George Duke,62,68,48,67,61.25,https://i.scdn.co/image/9938e83662394045ee1dd5448200ca4608f40e96
590,YON32,Moonlight Feels Right,Starbuck,53,51,56,48,52,https://i.scdn.co/image/fc35810b2e2865dd8f866bcb9854af0fc7a2ab8c
591,BYR10,Afternoon Delight,Starland Vocal Band,5,14,5,12,9,https://i.scdn.co/image/3792ce7f450f0383d596dd87cd2b613ee13d6132
593,YON62,New York Town,State Cows,54,61,62,51,57,https://i.scdn.co/image/52a97e17ee6a0cf68b64bf87facc471874da70a7
592,YON33,Mister White,State Cows,82,79,81,76,79.5,https://i.scdn.co/image/ba535a2c6324bd1c2fc97ad213bb6079b6c2f85e
599,YON34,Only A Fool Would Say That,Steely Dan,40,48,39.5,38,41.375,https://i.scdn.co/image/932a7b8b175f2057a109545a99a475aedd3a3545
594,BYR10,Rikki Don't Lose That Number,Steely Dan,50,53,60,58,55.25,https://i.scdn.co/image/f1068dd32f82a757e7fdb0cc12f50f9de1ed32ab
595,BYR30,Any World (That I'm Welcome To),Steely Dan,60,54,64,59,59.25,https://i.scdn.co/image/14ee16aae2869252dce59137cf3683e04dd8fb49
598,YON28,Second Arrangement,Steely Dan,78,75,70,78,75.25,https://i.scdn.co/image/258b798a05a02212721f1bdbaf35b79fc41b3090
601,YON39,Hey Nineteen,Steely Dan,79,96,95,72,85.5,https://i.scdn.co/image/a6006cab2a1b021a898fd719822bd26ec8c585f4
596,BYR72,Josie,Steely Dan,82,100,87,78,86.75,https://i.scdn.co/image/534dba2df9c72ecd7e9c2e9adde60656c0c5f63f
602,YON39,Time Out Of Mind,Steely Dan,92,88,93,84,89.25,https://i.scdn.co/image/a6006cab2a1b021a898fd719822bd26ec8c585f4
600,YON36,Black Cow,Steely Dan,90,90,91,92,90.75,https://i.scdn.co/image/534dba2df9c72ecd7e9c2e9adde60656c0c5f63f
605,YON70,Kid Charlemagne,Steely Dan,89,94,93,87,90.75,https://i.scdn.co/image/6267acbf1582af779b77fe920c83380627bc0660
603,YON52,Deacon Blues,Steely Dan,91,90,94,89,91,https://i.scdn.co/image/534dba2df9c72ecd7e9c2e9adde60656c0c5f63f
597,YON02,Peg,Steely Dan,100,86,92,90,92,https://i.scdn.co/image/534dba2df9c72ecd7e9c2e9adde60656c0c5f63f
604,YON55,FM,Steely Dan,98,93,94,90,93.75,https://i.scdn.co/image/2a9d52ad6228ba11d99dd3a69cb26e34652090df
606,YON06,On and On,Stephen Bishop,49,52,39,40,45,https://i.scdn.co/image/52883ddf46d731d7453d263fd54d67a26f478369
607,YON20,Sinking in an Ocean of Tears,Stephen Bishop,56,49,41,55,50.25,https://i.scdn.co/image/52883ddf46d731d7453d263fd54d67a26f478369
608,YON44,Send A Little Love My Way,Stephen Bishop,62,53,56,58,57.25,https://i.scdn.co/image/e7e6764f7e8cbe668365a28406354f22735a34d6
618,YON18,Save It for a Rainy Day,Stephen Bishop,61,57,58,60,59,https://i.scdn.co/image/52883ddf46d731d7453d263fd54d67a26f478369
609,YON36,Your Burning Love,Steps,60,53,54,52,54.75,https://i.scdn.co/image/8b52e0e76f1d62aa49c6392ea3ae4c166833ec08
610,YON34,WKRP In Cincinnati Theme,Steve Carlisle,38,26,34,30,32,https://img.discogs.com/jwaPjFiZBrcyLIBzl9rsFk_mhh4=/fit-in/150x150/filters:strip_icc():format(jpeg):mode_rgb():quality(40)/discogs-images/R-6006341-1423934652-2207.jpeg.jpg
611,BYR60,Fly,Steve Cropper,81,82,68,81,78,https://i.scdn.co/image/d44a40418bb4668d69f7f49d2cd5c64a4465879d
613,YON54,Santa Ana Winds,Steve Goodman,1,9,14,15,9.75,https://i.scdn.co/image/f086aa40c0c715838de3f35c227d40d090d2fda9
612,YON23,Sometimes Love Forgets,Steve Goodman,42,42,36,42,40.5,https://i.scdn.co/image/686be3ab3654dce16855cda08b3920e929fc50e3
614,YON14,The Ending,Steve Kipner,84,79,85,84,83,https://img.discogs.com/bc0n7z8HXQw8_Kif0A3ZYpdPMOs=/fit-in/150x150/filters:strip_icc():format(jpeg):mode_rgb():quality(40)/discogs-images/R-2839659-1303409797.gif.jpg
615,YON31,Foolish Heart,Steve Perry,59,61,41,59,55,https://i.scdn.co/image/77c0b88e71312fbb26c6a19794d46f4e25abdde4
616,YON10,The Weekend,Steve Wariner,42,52,41,57,48,https://i.scdn.co/image/a575d04770a64a43599fbcae4c4d7f5e23613ef8
617,YON14,Arc of a Diver,Steve Winwood,37,30,35,28,32.5,https://i.scdn.co/image/227d1c004f257860529136dd405eefeec70502a4
620,YON45,Steal The Night,Stevie Woods,72,63,62,66,65.75,https://img.discogs.com/DSLE-Mjx15VT0QwkQm6O30UpBwo=/fit-in/150x150/filters:strip_icc():format(jpeg):mode_rgb():quality(40)/discogs-images/R-3228773-1321394183.jpeg.jpg
619,YON02,Just Can't Win 'Em All,Stevie Woods,90,100,77,90,89.25,https://img.discogs.com/6ao8uQFlSp-S9kkZNZRBP0eGoMk=/fit-in/150x150/filters:strip_icc():format(jpeg):mode_rgb():quality(40)/discogs-images/R-3228785-1321394591.jpeg.jpg
621,BYR10,Come Sail Away,Styx,8,8,1,12,7.25,https://i.scdn.co/image/b2b55e0d7e16ac294452cf3a2bfddb7001549ea0
622,YON03,Take the Long Way Home,Supertramp,15,22,5,10,13,https://i.scdn.co/image/3688105a4087383eff61cf2ddc202b1134a0356b
623,YON02,Stumblin' In,Suzi Quatro & Chris Norman,55,59,26,30,42.5,https://i.scdn.co/image/797dc57d76d73031b21fa166f9468551b6e90da2
624,YON06,Love Trip,Takako Mamiya,61,64,70,64,64.75,https://img.discogs.com/hdFfdpRXhdqJ8u1q7t00pgCn9sQ=/fit-in/150x150/filters:strip_icc():format(jpeg):mode_rgb():quality(40)/discogs-images/R-6444434-1419367987-3589.jpeg.jpg
625,YON26,I Don't Want You Anymore,Tavares,89,82,83,85,84.75,https://i.scdn.co/image/a9fe09bf323f0411fc84cbdd52733ecf431aa701
626,YON11,Back in Business,Ted Gardestad,72,60,68,68,67,https://img.discogs.com/yN80p9TREvkfqrvaU7mQfG6x3nc=/fit-in/150x150/filters:strip_icc():format(jpeg):mode_rgb():quality(40)/discogs-images/R-1285936-1513926436-6590.jpeg.jpg
628,YON26,Hey Papa,Terence Boylan,60,66,62,58,61.5,https://i.scdn.co/image/ac66480f1a249d761ea359387ad7c7aa6c9f38fc
627,BYR09,Shame,Terence Boylan,75,75,65,75,72.5,https://i.scdn.co/image/ac66480f1a249d761ea359387ad7c7aa6c9f38fc
629,YON66,Games People Play,The Alan Parsons Project,41,43,47,34,41.25,https://i.scdn.co/image/97dcde8e997542b6a112621a4fd0af4a6f1982c4
630,YON68,Eye In The Sky,The Alan Parsons Project,42,51,54,28,43.75,https://i.scdn.co/image/1068da126a0452a14673871b62ebed4467ac59ee
58,YON50,(I Could Never Say) It's Over,The B. B. & Q. Band,85,79,73,67,76,https://i.scdn.co/image/02c428f3e3da7bb18b3b551a0b54b2edc5a86f36
631,YON06,Sail on Sailor,The Beach Boys,40,45,41,48,43.5,https://i.scdn.co/image/3df60c2fe9ca86b1e539cd8deb7d39a1d985a431
632,YON04,Catalina Breeze,The Blue Jean Committee,65,20,75,75,58.75,https://i.scdn.co/image/2c0e524b576f362cabbd1d47e21b5cebab8ca383
634,YON08,You Ga (Ta Give It),The Brecker Brothers,25,34,22,20,25.25,https://i.scdn.co/image/cfc5ecbe438c733742b06fc766d00383221ad560
633,BYR70,Not Tonight,The Brecker Brothers,86,84,86,86,85.5,https://i.scdn.co/image/cfc5ecbe438c733742b06fc766d00383221ad560
635,YON40,Boat To Sail,The Carpenters,33,26,29,25,28.25,https://i.scdn.co/image/50cc9123b040e7529782fbf5af090991253f31d0
636,YON42,(Want You) Back In My Life Again,The Carpenters,65,60,61,58,61,https://i.scdn.co/image/f3719d663feff19043749f0f8b0d603b8558d71e
646,YON65,"Wynken, Blynken and Nod",The Doobie Brothers,30,30,25,25,27.5,https://i.scdn.co/image/da5f0d80ea9ba2e37ed88c37ae82fe677fd43dfc
642,YON43,Sweet Feelin',The Doobie Brothers,41,49,38,47,43.75,https://i.scdn.co/image/988c0be5ef644820193ca38bd339cc1bfd0c180e
637,BYR60,Carry Me Away,The Doobie Brothers,51,52,53,55,52.75,https://i.scdn.co/image/132aac8cceeb1cff7aecc0d7bbe80434491bdc50
648,YON44,Echoes of Love,The Doobie Brothers,54,61,61,66,60.5,https://i.scdn.co/image/f7a353e547761af4ee9a94c58c05258d70b8ba5d
645,YON62,You Never Change,The Doobie Brothers,60,64,59,62,61.25,https://i.scdn.co/image/988c0be5ef644820193ca38bd339cc1bfd0c180e
644,YON61,How Do The Fools Survive,The Doobie Brothers,61,64,73,71,67.25,https://i.scdn.co/image/988c0be5ef644820193ca38bd339cc1bfd0c180e
639,YON13,One Step Closer,The Doobie Brothers,88,73,64,75,75,https://i.scdn.co/image/5dcc5ad2cc627805793346e6eded24e30b2e4f13
643,YON52,Open Your Eyes,The Doobie Brothers,80,76,73,75,76,https://i.scdn.co/image/988c0be5ef644820193ca38bd339cc1bfd0c180e
647,YON67,Takin' It to the Streets,The Doobie Brothers,88,76,70,90,81,https://i.scdn.co/image/f12620e45feaeddeb7e6a9c4df475593e3d256a4
641,YON38,Real Love,The Doobie Brothers,88,83,86,78,83.75,https://i.scdn.co/image/da5f0d80ea9ba2e37ed88c37ae82fe677fd43dfc
640,YON32,Minute By Minute,The Doobie Brothers,98,90,90,88,91.5,https://i.scdn.co/image/988c0be5ef644820193ca38bd339cc1bfd0c180e
638,YON06,What a Fool Believes,The Doobie Brothers,100,100,100,100,100,https://i.scdn.co/image/cc8d107ee6f9232f18a30bfcf6b19e98a43d7ef0
649,YON36,So Much In Love,The Dukes (Bugatti & Musker),85,89,79,82,83.75,https://img.discogs.com/vIFyPH2kIz6_dV2fQlNlKbKKiXs=/fit-in/150x150/filters:strip_icc():format(jpeg):mode_rgb():quality(40)/discogs-images/R-3413046-1329432505.jpeg.jpg
650,YON48,Long Ago,The Four Seasons,41,39,52,42,43.5,https://i.scdn.co/image/a0ff4ba33889fd83d0d41220215f2504828ff813
651,YON40,When She Was My Girl,The Four Tops,40,42,31,35,37,https://i.scdn.co/image/cdd2af0da23d7c55de5fee6ee8cb8603eea23835
652,YON15,Yearning For Your Love,The Gap Band,46,46,42,40,43.5,https://i.scdn.co/image/28f1091114c5b47094792b397c68e9e559f22c8d
654,YON52,This Place Hotel,The Jacksons,49,50,40,42,45.25,https://i.scdn.co/image/0f75e9422e70650550ec9e4dee7c132fb9bede7a
653,BYR84,Give It Up,The Jacksons,83,87,78,85,83.25,https://i.scdn.co/image/ad43ecfedac78a83fc732435a0598360e752f429
655,YON10,Spice of Life,The Manhattan Transfer,73,39,62,55,57.25,https://i.scdn.co/image/166fa67884b5f91e58afd8d1d5839e99082c1047
656,BYR70,On the Boulevard,The Manhattan Transfer,66,66,79,55,66.5,https://i.scdn.co/image/32b98c0e2eb9fa828bd46727b9ef5bff02b3be91
657,YON63,Shining Star,The Manhattans,38,49,38,38,40.75,https://i.scdn.co/image/c11f99144f08301470cc9716f6807d7dd151e812
658,YON19,I'll Be Dining Here Again,The Norwegian Fords,49,54,65,42,52.5,https://i.scdn.co/image/feb85cfb528a5a5f13db8b8824d4dce21d475a74
470,YON55,Trying to Love Two Women,The Oak Ridge Boys,5,3,2,4,3.5,https://i.scdn.co/image/d35010b33c819e12201fbe1db182063cf801f94a
662,YON46,Slow Hand,The Pointer Sisters,51,52,49,44,49,https://i.scdn.co/image/0ef142a166c6f2e17643cc320332464fb36e2a46
660,YON34,I Feel For You,The Pointer Sisters,50,53,46,52,50.25,https://i.scdn.co/image/63724a30b3621cd86df210e97301039c94cfdedc
661,YON37,What A Surprise,The Pointer Sisters,50,53,61,72,59,https://i.scdn.co/image/0ef142a166c6f2e17643cc320332464fb36e2a46
663,YON51,Heart to Heart,The Pointer Sisters,56,58,61,62,59.25,https://i.scdn.co/image/de078e1f7c5103f8d9be4538f5aeeb3a3ae0667f
659,YON22,He's So Shy,The Pointer Sisters,85,92,88,86,87.75,https://i.scdn.co/image/3566866747338d67768fa22c37860fb8e9cb8522
664,YON29,Tourist In Paradise,The Rippingtons,12,18,23,20,18.25,https://i.scdn.co/image/a0a03c9897c05ecff40f4cdcc2e94b8c37042ed1
665,YON40,Games People Play,The Spinners,33,41,37,42,38.25,https://i.scdn.co/image/569e488fe1a5c07cf9bed1f4fb9773868657d191
666,YON23,The Lottery,The Stepkids,30,41,39,18,32,https://i.scdn.co/image/16a5f83bc6aed923c814869f75209d101b57fff8
668,YON62,Shout to the Top,The Style Council,23,43,34,32,33,https://i.scdn.co/image/ff901edd8d497ae23df483c66f064e948239d4bb
667,YON17,My Ever Changing Moods,The Style Council,42,39,23,30,33.5,https://i.scdn.co/image/9b6734f91f0c1394eab2b5c41592785e4519ea1b
669,YON23,She's A Beauty,The Tubes,40,50,38,10,34.5,https://i.scdn.co/image/cbbbdc8776b95bdbcda247fee092574ead2dc9dd
671,YON57,A Matter of Pride,The Tubes,25,51,40,41,39.25,https://i.scdn.co/image/c55b85306d73f4681f82348b270bbbdce79c2d26
670,YON31,Don't Want to Wait Anymore,The Tubes,48,51,46,53,49.5,https://i.scdn.co/image/c55b85306d73f4681f82348b270bbbdce79c2d26
672,YON34,I'm The One For You,The Whispers,44,43,46,41,43.5,https://i.scdn.co/image/8b89355d90c5a9bd44c8a638e21c53ea864ea3a5
713,YON51,Take Me To Your Heaven,The Wilson Brothers,60,82,66,71,69.75,https://img.discogs.com/uhAY70lW8wQy1Ic4pJtMdMnFIC8=/fit-in/150x150/filters:strip_icc():format(jpeg):mode_rgb():quality(40)/discogs-images/R-503106-1313356551.jpeg.jpg
674,YON41,Shambala,Three Dog Night,2,1,3,5,2.75,https://i.scdn.co/image/b7dac8cfe7c93a2cac00fdeb54f252c6dfe6f99d
675,YON15,Show You the Way,Thundercat,72,62,65,65,66,https://i.scdn.co/image/78d5f3ba506544c38f98a3429886ea524288a19d
676,YON37,Don't Keep Me Waiting Girl,Tim Weisberg,79,73,73,75,75,https://img.discogs.com/XkRRrNGIGv35csrdV8nE0E2i-eU=/fit-in/150x150/filters:strip_icc():format(jpeg):mode_rgb():quality(40)/discogs-images/R-2613071-1348021539-9365.jpeg.jpg
677,BYR38,Tell Me What You Dream,Timothy B. Schmit,77,69,59,82,71.75,https://i.scdn.co/image/156b223ede1c294a17e218e8d36c2d205bd71aaa
678,YON16,Hurting For You,Todd Rundgren,42,32,39,42,38.75,https://i.scdn.co/image/d77779bcfdd421f98ce103ddc5296815eee6c69c
679,YON27,Tin Foil Hat,Todd Rundgren & Donald Fagen,49,51,41,42,45.75,https://i.scdn.co/image/9073bbabde54e8c59b5ad4b2b59947992c2d2f8c
680,YON64,Maybe It's Love Affair,Toshiki Kadomatsu,49,51,62,50,53,https://img.discogs.com/oC9QBUhfkdpG0XYFPlX05BR8vzc=/fit-in/150x150/filters:strip_icc():format(jpeg):mode_rgb():quality(40)/discogs-images/R-1553616-1227950788.jpeg.jpg
688,BRC01,Afraid Of Love,Toto,37,31,28,30,31.5,https://i.scdn.co/image/f934fc64507ef928a246607f5a505f1bac9ea746
685,BRC01,It's A Feeling,Toto,35,51,37,42,41.25,https://i.scdn.co/image/f934fc64507ef928a246607f5a505f1bac9ea746
687,BRC01,Lovers In The Night,Toto,41,35,43,49,42,https://i.scdn.co/image/f934fc64507ef928a246607f5a505f1bac9ea746
686,BRC01,We Made It,Toto,46,47,45,38,44,https://i.scdn.co/image/f934fc64507ef928a246607f5a505f1bac9ea746
696,YON40,Chinatown,Toto,48,46,54,38,46.5,https://i.scdn.co/image/09798eaebf70bc0c97ff2976af4917c56d54a2de
684,BRC01,I Won't Hold You Back,Toto,35,51,41,62,47.25,https://i.scdn.co/image/f934fc64507ef928a246607f5a505f1bac9ea746
697,YON46,St. George and the Dragon,Toto,62,52,45,54,53.25,https://i.scdn.co/image/27bead5c394afaaf9efc9fa2c09573d3ff5a1097
694,YON23,Hold the Line,Toto,61,50,60,55,56.5,https://i.scdn.co/image/dedd97ed6f2f78405e0f127f96961b0276cef1bc
690,BYR12,I'll Be Over You,Toto,50,53,56,68,56.75,https://i.scdn.co/image/c14d8dae2223a1caa433392b2c6509d17dd6d061
683,BRC01,Good For You,Toto,47,61,64,55,56.75,https://i.scdn.co/image/f934fc64507ef928a246607f5a505f1bac9ea746
692,BYR77,Rockmaker,Toto,56,70,71,72,67.25,https://i.scdn.co/image/dedd97ed6f2f78405e0f127f96961b0276cef1bc
689,BYR07,Georgy Porgy,Toto,59,78,77,72,71.5,https://i.scdn.co/image/dedd97ed6f2f78405e0f127f96961b0276cef1bc
693,YON13,99,Toto,69,80,70,75,73.5,https://i.scdn.co/image/27bead5c394afaaf9efc9fa2c09573d3ff5a1097
682,BRC01,Waiting For Your Love,Toto,86,82,79,68,78.75,https://i.scdn.co/image/f934fc64507ef928a246607f5a505f1bac9ea746
695,YON32,Make Believe,Toto,92,91,93,92,92,https://i.scdn.co/image/f934fc64507ef928a246607f5a505f1bac9ea746
691,BYR44,Africa,Toto,90,91,97,94,93,https://i.scdn.co/image/f934fc64507ef928a246607f5a505f1bac9ea746
681,BRC01,Rosanna,Toto,95,89,100,99,95.75,https://i.scdn.co/image/f934fc64507ef928a246607f5a505f1bac9ea746
698,YON63,Overdue,Tyrone Davis,45,46,51,52,48.5,https://i.scdn.co/image/b75dbf18d3814997fc3f91361fa2cb2f7df5588f
699,YON66,Crazy,Valerie Carter,78,72,67,63,70,https://i.scdn.co/image/a8453adf1eb55d8856636744742f91461267035e
700,BYR05,I'll Wait,Van Halen,33,45,50,30,39.5,https://i.scdn.co/image/0f9c8f8e4825f04972d665f0cae9c4a17f2578a6
701,BRC01,Brown Eyed Girl,Van Morrison,4,12,15,8,9.75,https://i.scdn.co/image/c976593a5140c503e947097cdd128b4eb6952e6d
702,BYR14,Down in Cancun,Victor Feldman,47,52,52,48,49.75,https://img.discogs.com/AmsJDicgRWtQdW1o7HsDGIhdFCQ=/fit-in/150x150/filters:strip_icc():format(jpeg):mode_rgb():quality(40)/discogs-images/R-3447375-1331689835.jpeg.jpg
703,YON11,Back Pocket,Vulfpeck,35,25,15,15,22.5,https://i.scdn.co/image/7038a05232624db4e4cffea9d308e8d3633fe492
704,YON20,Love Ain't Somethin',Wah Wah Watson,42,41,40,45,42,https://i.scdn.co/image/70f58e536f335e70efc2aa6f3250ee26ee294d50
705,YON60,Paging Audrey,Walter Becker,38,41,36,28,35.75,https://i.scdn.co/image/0908c5a83b52577cbdf06bf52f9e9fc962d5af65
706,YON09,Magnet and Steel,Walter Egan,42,34,38,35,37.25,https://i.scdn.co/image/f7256de57aa1604ab9e2d7d2216baabf6862fd3e
707,YON12,Regulate,Warren G,58.187,60,33.3,55,51.62175,https://i.scdn.co/image/be0dbbb06cb10653d6ee81055bc2c426e4dc1bbf
710,YON60,The Hula Hula Boys,Warren Zevon,11,13,10,8,10.5,https://i.scdn.co/image/f00459573394c628b03a0037c4bc7761e95034e5
708,YON25,Let Nothing Come Between You,Warren Zevon,21,20,13,15,17.25,https://i.scdn.co/image/f00459573394c628b03a0037c4bc7761e95034e5
709,YON26,Night Time in the Switching Yard,Warren Zevon,27,23,22,28,25,https://i.scdn.co/image/748d8da2dd8f5c2a460bb7bada719f5b39b33c50
711,YON18,Your Party,Ween,27,36,32,35,32.5,https://i.scdn.co/image/b0a49549f0bcd708f7f2d292c02b783d9ec345bf
712,YON42,Pandy Fackler,Ween,28,49,49,32,39.5,https://i.scdn.co/image/641ecbce5fc77e6044f94376bb1b2de1cff848be
714,YON25,With A Little Luck,Wings,17,29,21,27,23.5,https://i.scdn.co/image/b14ba78aadb0fa916876eb33cb83a0db93a2343d
500,YON04,Arrow Through Me,Wings,50,35,26,10,30.25,https://i.scdn.co/image/48f682dc6649b77e493a43d66c8f723f0dbdaad4
673,YON19,Yachting Types,Yachts,10,2,0,10,5.5,https://i.scdn.co/image/10088e9b0f2a9358a8fc328d327f11dd7a73cc5b
715,YON05,You Can Feel It,Young Gun Silver Fox,55,51,46,48,50,https://i.scdn.co/image/620e9c7356f411b9169395636d071143bd1a9557